"pIC50","SubFPC1","SubFPC2","SubFPC3","SubFPC5","SubFPC9","SubFPC13","SubFPC18","SubFPC49","SubFPC84","SubFPC85","SubFPC88","SubFPC100","SubFPC133","SubFPC135","SubFPC136","SubFPC137","SubFPC171","SubFPC172","SubFPC179","SubFPC180","SubFPC183","SubFPC275","SubFPC279","SubFPC287","SubFPC295","SubFPC302","SubFPC303","SubFPC307"
7.30102999566398,0,3,0,1,0,0,0,0,1,0,2,1,0,0,0,4,1,0,0,0,0,0,0,2,8,5,2,18
6.07572071393812,0,3,0,1,6,0,0,0,1,0,2,1,0,0,0,4,0,0,0,0,0,0,0,2,7,7,2,19
7.69897000433602,0,3,0,1,3,0,0,0,1,0,2,1,0,0,0,4,1,0,0,0,0,0,0,2,7,6,2,18
5.24412514432751,0,3,0,1,3,0,0,0,1,0,2,1,0,0,0,4,0,1,0,0,0,0,0,2,7,6,2,18
5.07572071393812,0,3,0,1,0,0,1,0,1,0,2,1,0,0,0,4,1,0,0,0,0,0,0,2,7,5,2,17
7.04575749056067,0,3,0,1,0,0,2,0,1,0,2,1,0,0,0,4,0,2,0,0,0,0,0,2,9,6,2,17
7.74472749489669,0,3,0,1,0,0,0,0,1,0,2,1,0,0,0,4,1,2,0,0,0,0,0,2,5,4,2,17
6.82390874094432,1,3,0,1,3,0,0,0,1,0,2,1,0,0,0,4,0,0,0,0,0,0,0,2,7,6,2,18
6.74472749489669,0,3,0,1,3,0,0,0,1,0,2,1,0,0,0,4,0,0,0,0,0,0,0,2,5,5,2,22
7.34678748622466,0,3,0,1,0,0,0,0,1,0,2,1,0,0,0,4,0,3,0,0,0,0,0,2,5,4,2,17
7.09691001300806,3,3,0,1,0,0,0,0,1,0,2,1,0,0,0,4,1,0,0,0,0,0,0,2,5,5,2,18
5.53760200210104,0,3,0,1,0,0,0,0,1,0,2,1,0,0,0,4,1,0,0,0,0,0,0,2,5,4,2,17
6.21467016498923,0,3,0,1,0,0,0,0,1,0,2,1,0,0,0,4,0,2,0,0,0,0,0,2,8,5,2,18
6.76955107862173,0,3,0,1,0,0,2,0,1,0,2,1,0,0,0,4,0,0,0,0,0,0,0,2,9,6,2,17
6.53760200210104,0,3,0,1,3,0,0,0,1,0,2,1,0,0,0,4,1,0,0,0,0,0,0,2,7,6,2,18
6.1337126609158,0,3,0,1,0,0,0,0,1,0,2,1,0,0,0,4,0,1,0,0,0,0,0,2,5,4,2,17
7.3767507096021,0,3,0,1,0,0,1,0,1,0,2,1,0,0,0,4,0,2,0,0,0,0,0,2,7,5,2,17
6.43179827593301,0,3,0,1,3,0,0,0,1,0,2,1,1,0,0,4,0,0,0,0,0,0,0,2,8,6,2,18
6.50863830616573,0,3,0,1,0,0,1,0,1,0,2,1,0,0,0,4,1,0,0,0,0,0,0,2,7,5,2,17
6.64781748188864,0,3,0,1,0,0,1,0,1,0,2,1,0,0,0,4,1,0,0,0,0,0,0,2,7,5,2,17
7.15490195998574,0,3,0,1,0,0,0,0,1,0,2,1,0,0,0,4,1,0,0,0,0,0,0,2,5,4,2,17
6.21467016498923,0,3,0,1,0,0,0,0,1,0,2,1,0,0,0,4,0,1,0,0,0,0,0,2,6,4,2,17
5.76955107862173,0,3,0,1,0,0,1,0,1,0,2,1,0,0,0,4,0,1,0,0,0,0,0,2,7,5,2,17
7.76955107862173,1,3,0,1,0,0,1,0,1,0,2,1,0,0,0,4,0,2,0,0,0,0,0,2,7,6,2,17
6.4089353929735,0,3,0,1,3,0,0,0,1,0,2,1,0,0,0,4,0,0,0,0,0,0,0,4,8,7,2,19
5.52287874528034,1,1,0,0,3,0,0,0,0,0,1,0,0,0,0,0,0,0,0,0,0,2,0,2,5,5,0,12
5.14266750356873,1,0,0,0,3,0,0,0,0,0,1,0,0,0,0,0,0,0,0,0,0,2,0,2,7,5,0,12
5.49485002168009,0,1,1,0,3,0,0,0,0,0,1,0,0,0,0,0,0,0,0,0,0,2,3,4,5,4,0,14
6.09691001300806,0,1,1,0,3,0,0,0,0,0,1,0,0,0,0,0,0,0,0,0,0,2,3,4,7,5,0,14
4.3936186348894,1,1,0,0,0,0,0,0,0,0,1,0,0,0,0,0,0,0,0,0,0,2,0,2,8,5,0,12
6.09691001300806,1,0,1,0,3,0,0,1,0,0,1,0,1,0,0,0,0,0,0,0,0,0,0,2,5,4,0,10
4.45593195564972,1,0,0,0,0,0,0,0,0,0,1,0,1,0,0,0,0,0,0,0,0,2,0,2,6,3,0,11
6.15490195998574,1,1,0,0,3,0,0,0,0,0,1,0,0,0,0,0,0,0,0,0,0,2,0,2,7,6,0,12
5.03151705144607,0,1,1,0,0,0,0,0,0,0,1,0,1,0,0,0,0,0,0,0,0,2,3,4,6,3,0,13
4.95860731484177,1,1,0,0,0,0,0,0,0,0,1,0,1,0,0,0,0,0,0,0,0,2,0,2,6,4,0,11
5.39794000867204,2,0,1,0,3,0,0,0,0,0,0,0,1,0,0,0,0,0,1,0,0,2,0,0,5,4,0,13
5.49485002168009,1,0,0,0,0,0,0,0,0,0,0,0,2,0,0,0,0,0,1,0,0,2,0,0,6,2,0,11
5.20760831050175,0,4,0,0,3,0,0,0,0,0,0,0,0,0,0,0,0,0,1,0,0,2,0,0,4,3,0,12
5.04575749056067,1,0,0,0,0,0,0,0,0,0,0,0,1,0,0,0,0,0,1,0,0,2,0,2,6,3,0,12
4.64781748188864,2,0,0,0,3,0,0,0,0,0,0,0,0,0,0,0,0,0,1,0,0,2,0,0,4,3,0,12
4.71219827006977,1,0,0,0,0,0,0,0,0,0,0,0,1,0,0,0,0,1,1,0,0,2,0,0,5,2,0,11
6.30102999566398,1,0,0,0,3,0,0,0,0,0,0,0,1,0,0,0,0,0,1,0,0,2,0,0,7,4,0,12
5.44369749923271,4,0,0,0,0,0,0,0,0,0,0,0,1,0,0,0,0,0,1,0,0,2,0,0,5,3,0,12
4.91721462968355,2,0,0,0,0,0,0,0,0,0,0,0,1,0,0,0,0,0,1,0,0,2,0,0,5,2,0,11
5.18708664335714,0,3,0,0,3,0,0,1,0,0,0,0,0,3,0,1,0,0,1,0,0,2,0,2,5,3,0,13
4.78251605578609,1,0,0,0,3,0,0,0,0,0,0,0,0,0,0,0,0,0,1,0,0,2,0,0,4,3,0,12
4.64975198166584,1,0,0,0,0,0,0,0,0,0,0,0,1,0,0,0,0,3,1,0,0,2,0,0,5,2,0,11
5.58502665202918,1,0,0,0,3,0,0,0,0,0,0,0,1,0,0,0,0,0,1,0,0,2,0,0,5,3,0,12
5.56863623584101,1,0,0,0,3,1,0,0,0,0,0,0,0,0,0,0,0,0,1,0,0,2,0,0,5,4,0,12
6.17587416608345,0,0,0,1,0,0,0,0,1,0,2,1,0,0,0,4,0,0,0,0,0,1,0,2,7,4,2,17
5.42021640338319,0,0,0,1,0,0,0,0,1,0,2,1,0,0,0,4,0,0,0,0,0,1,0,2,7,4,2,18
6.44369749923271,0,0,0,1,0,0,1,0,1,0,2,1,0,0,0,4,0,1,0,0,0,1,0,2,9,5,2,17
6.88272870434424,0,0,0,1,0,0,1,0,1,0,2,1,0,0,0,4,0,1,0,0,0,1,0,2,9,5,2,17
7.95860731484177,0,3,0,1,0,0,1,0,1,0,2,1,0,0,0,4,0,2,0,0,0,0,0,2,7,5,2,17
6.68824613894425,0,0,0,1,3,0,0,0,1,0,2,1,0,0,0,4,0,2,0,0,0,1,0,2,9,6,2,18
7.82390874094432,0,0,0,1,3,0,0,0,1,0,2,1,0,0,0,4,0,2,0,0,0,1,0,2,9,6,2,18
7.23657200643706,0,0,0,1,3,0,0,0,1,0,2,1,0,0,0,4,0,4,0,0,0,1,0,2,9,6,2,18
8.39794000867204,0,0,0,1,3,0,0,0,1,0,2,1,0,0,0,4,0,4,0,0,0,1,0,2,9,6,2,18
5.69897000433602,0,3,0,1,0,0,1,0,1,0,2,1,0,0,0,4,0,0,0,0,0,0,0,2,7,7,2,17
6.89619627904404,0,3,0,1,0,0,1,0,1,0,2,1,0,0,0,4,0,0,0,0,0,0,0,2,7,7,2,17
6.7619538968712,0,0,0,1,0,0,1,0,1,0,2,1,0,0,0,4,0,0,0,0,0,1,0,2,9,7,2,17
6.97881070093006,0,0,0,1,0,0,1,0,1,0,2,1,0,0,0,4,1,1,0,0,0,1,0,2,9,7,2,17
7.95860731484177,0,3,0,1,0,0,1,0,1,0,2,1,0,0,0,4,2,1,0,0,0,0,0,2,7,7,2,17
7.38721614328026,0,0,0,1,0,0,1,0,1,0,2,1,0,0,0,4,2,1,0,0,0,1,0,2,9,7,2,17
6.95860731484177,0,3,0,1,0,0,1,0,1,0,2,1,0,0,0,4,1,1,0,0,0,0,0,2,7,7,2,17
6.16749108729376,0,2,0,1,0,0,1,0,1,0,2,1,0,0,0,4,0,1,0,0,0,0,0,2,8,5,2,18
5.83564714421556,0,2,0,1,0,0,1,0,1,0,2,1,0,0,0,4,0,1,0,0,0,0,0,2,8,5,2,18
5.30102999566398,0,0,0,0,0,0,0,0,1,0,2,1,0,1,0,4,0,0,0,0,0,0,0,4,5,4,0,21
4.86012091359876,0,0,0,0,0,0,0,0,1,0,2,1,0,1,0,4,0,0,0,0,0,0,0,4,5,4,0,19
5.07572071393812,0,0,0,0,0,0,0,0,1,0,2,1,0,1,0,4,0,0,0,0,0,0,0,4,5,4,0,19
6.46852108295774,0,0,0,0,0,0,1,0,1,0,2,1,0,2,0,4,0,1,0,0,0,1,0,4,9,5,0,19
7.79588001734407,1,0,0,0,0,0,1,0,1,0,2,1,0,2,0,4,0,2,0,0,0,1,0,4,9,6,0,19
8,0,0,0,0,3,0,0,0,1,0,2,1,0,2,0,4,0,2,0,0,1,1,0,4,9,6,0,20
8,1,0,0,0,0,0,1,0,1,0,2,1,0,2,0,4,0,2,0,0,1,1,0,4,9,6,0,19
6,0,0,0,0,0,0,0,0,1,0,2,1,0,2,0,4,0,0,0,0,1,1,0,4,7,4,0,19
7.92081875395237,0,0,0,0,0,0,1,0,1,0,2,1,0,1,0,4,1,0,0,0,1,1,0,4,9,5,0,19
9,0,0,0,0,0,0,1,0,1,0,2,1,0,1,0,4,0,4,0,0,1,1,0,4,9,5,0,19
8.04575749056067,1,0,0,0,0,0,1,0,1,0,2,1,0,1,0,4,0,2,0,0,1,1,0,4,9,6,0,19
8.52287874528034,1,0,0,0,0,0,1,0,1,0,2,1,0,1,0,4,0,2,0,0,1,1,0,4,9,6,0,19
6.5185573714977,0,0,0,0,0,0,0,0,1,0,2,1,0,1,0,4,0,0,0,0,1,1,0,4,7,4,0,19
8.69897000433602,0,0,0,0,3,0,0,0,1,0,2,1,0,1,0,4,0,2,0,0,1,1,0,4,9,6,0,20
7.92081875395237,0,0,0,0,0,0,0,0,1,0,1,0,0,1,0,3,0,1,0,0,0,1,0,2,5,1,0,22
6.50584540598156,0,0,0,0,0,0,0,0,1,0,1,0,0,1,1,3,1,1,0,0,0,1,0,2,5,1,0,16
3.87289520163519,0,0,0,0,0,0,0,0,1,0,1,0,0,1,1,3,1,0,0,0,1,2,0,2,7,1,0,20
7.74472749489669,0,0,0,0,0,0,0,0,1,0,1,0,0,1,1,3,0,1,0,0,0,1,0,2,7,3,0,22
8.22184874961636,0,0,0,0,0,0,0,0,1,0,1,0,0,1,1,3,0,1,0,0,0,1,0,2,7,3,0,22
8.15490195998574,0,0,0,0,0,0,0,0,1,0,1,0,0,1,1,3,0,1,0,0,0,1,0,2,6,1,0,22
5.67778070526608,0,0,0,0,0,0,0,0,1,0,1,0,0,1,1,3,0,1,0,0,0,1,0,2,6,1,0,16
8.30102999566398,0,0,0,0,0,0,0,0,1,0,1,0,0,1,1,3,0,1,0,0,0,1,0,2,5,1,0,22
8.15490195998574,0,0,0,0,0,0,0,0,1,0,1,0,0,1,1,3,0,0,0,0,0,1,0,2,7,3,0,22
8.22184874961636,0,0,0,0,0,0,0,0,1,0,1,0,0,1,1,3,0,0,0,0,0,1,0,2,6,1,0,22
8,0,0,0,0,0,0,0,0,1,0,1,0,0,1,1,3,0,0,0,0,0,1,0,2,5,1,0,22
8.15490195998574,1,0,0,0,0,0,0,0,1,0,1,0,0,0,0,4,0,1,0,0,0,1,0,2,4,1,0,22
4.49485002168009,2,0,0,0,3,0,0,0,1,0,1,0,0,1,1,3,0,0,0,0,0,1,0,2,5,2,0,17
4.2518119729938,2,0,0,0,0,0,0,0,1,0,1,0,0,1,1,3,0,0,0,0,0,1,0,2,5,1,0,16
4.38721614328026,1,0,0,0,0,0,0,0,1,0,1,0,0,1,1,3,1,0,0,0,0,1,0,2,5,1,0,16
5.30980391997149,2,0,0,0,0,0,0,0,1,0,1,0,0,1,1,3,1,0,0,0,0,1,0,2,5,1,0,16
4.14266750356873,2,0,0,0,0,0,0,0,1,0,1,0,0,1,1,3,1,0,0,0,0,1,0,2,5,1,0,16
3.52143350440616,2,1,1,0,0,0,0,0,1,0,1,0,0,1,1,3,1,0,0,0,0,1,0,2,5,3,0,17
4.36653154442041,0,0,0,0,0,0,1,0,1,0,1,0,0,1,1,3,1,0,0,0,0,1,0,2,7,2,0,16
3.82102305270683,0,0,0,0,0,0,1,0,1,0,1,0,0,1,1,3,1,0,0,0,0,1,0,2,7,2,0,16
3.51427857351842,0,0,0,0,0,0,1,0,1,0,1,0,0,1,1,3,1,0,0,0,0,1,0,2,7,2,0,16
6.67571754470231,0,0,0,0,0,0,0,0,1,0,1,0,0,1,1,3,1,0,0,0,0,1,0,2,5,1,0,16
3.87942606879415,0,0,0,0,0,0,0,0,1,0,1,0,0,1,1,3,1,0,0,0,0,1,0,2,5,1,0,16
6.56863623584101,0,0,0,0,3,0,0,0,1,0,1,0,0,1,1,3,1,0,0,0,0,1,0,2,5,2,0,17
5.39794000867204,0,0,0,0,3,0,0,0,1,0,1,0,0,1,1,3,1,0,0,0,0,1,0,2,7,3,0,17
3.88605664769316,0,0,0,0,3,0,0,0,1,0,1,0,0,1,1,3,1,0,0,0,0,1,0,2,7,3,0,17
3.85078088734462,0,0,0,0,0,0,0,0,1,0,1,0,0,1,1,3,2,0,0,0,0,1,0,2,5,1,0,16
3.63827216398241,0,0,0,0,0,0,0,0,1,0,1,0,0,1,1,3,1,0,0,0,0,1,0,2,5,1,0,22
4.58502665202918,0,0,0,0,0,0,0,0,1,0,1,0,0,1,1,3,1,0,0,0,0,1,0,2,5,1,0,22
3.54821356447571,2,0,1,0,0,0,0,0,1,0,1,0,0,1,1,3,1,0,0,0,0,1,0,2,5,2,0,17
4.29242982390206,1,0,0,0,0,0,0,0,1,0,1,0,0,1,1,3,1,0,0,0,0,1,0,2,5,1,0,16
6.66354026615147,1,0,0,0,0,0,0,0,1,0,1,0,0,1,1,3,1,0,0,0,0,1,0,2,5,1,0,16
4.76955107862173,1,0,0,0,0,0,0,0,1,0,1,0,0,1,1,3,1,0,0,0,0,1,0,2,5,1,0,16
3.67366413907125,1,0,0,0,0,0,0,0,1,0,1,0,0,1,1,3,1,0,0,0,0,1,0,2,5,1,0,16
3.86646109162978,0,0,0,0,3,0,0,0,1,0,1,0,0,1,1,3,1,0,0,0,0,1,0,2,5,2,0,17
4.92081875395237,0,0,0,0,0,0,0,0,1,0,1,0,0,1,1,3,0,0,0,0,0,1,0,2,5,1,0,16
3.28033731698195,1,0,0,0,0,0,0,0,0,0,1,1,0,0,0,3,2,0,0,0,0,0,0,4,4,4,0,15
3.38153350780092,1,0,0,0,0,0,0,0,0,0,1,1,0,0,0,2,0,0,0,0,0,0,0,2,3,3,0,18
3.98213228103649,2,0,1,0,0,0,0,0,0,2,3,0,0,0,0,0,0,0,0,0,0,0,0,2,8,8,0,16
3.65797231191253,1,0,1,0,0,0,0,0,0,1,2,0,1,0,0,0,0,0,0,0,0,0,0,2,6,5,0,15
3.53431978840172,3,0,0,0,0,0,0,0,0,2,2,0,0,2,0,0,0,0,0,0,0,0,0,2,8,8,2,11
3.83654044823001,3,0,1,0,0,0,0,0,0,2,3,0,0,0,0,0,0,0,0,0,0,0,0,2,8,8,0,10
3.90903692340427,2,0,1,0,0,0,0,0,0,2,3,0,0,0,0,0,0,0,1,0,0,2,0,2,10,8,0,12
3.86966623150499,0,0,0,0,0,0,0,0,2,0,2,0,0,1,1,5,1,0,0,0,0,1,0,4,7,2,0,23
6.88605664769316,2,0,1,0,0,0,1,1,0,0,1,1,1,0,0,0,0,0,0,0,0,0,0,0,7,6,0,16
6.49485002168009,1,0,1,0,0,0,0,1,0,0,1,1,1,0,0,0,1,0,0,0,0,0,0,0,5,4,0,16
6.88605664769316,1,0,1,0,0,0,0,1,0,0,1,1,1,0,0,0,1,0,0,0,0,0,0,0,5,4,0,16
6.69897000433602,1,0,1,0,0,0,0,1,0,0,1,1,1,0,0,0,2,0,0,0,0,0,0,0,5,4,0,16
6.72124639904717,1,0,1,0,0,0,0,1,0,0,1,1,1,0,0,0,2,0,0,0,0,0,0,0,5,4,0,16
7.65757731917779,1,0,1,0,0,0,0,1,0,0,1,1,1,0,0,0,2,0,0,0,0,0,0,0,5,4,0,16
4.06248210798265,1,0,1,0,3,0,0,1,0,0,1,1,1,0,0,0,1,0,0,0,0,0,0,0,5,5,0,17
5.81815641205523,1,0,1,0,0,0,0,1,0,0,1,1,1,0,0,0,2,0,0,0,0,0,0,0,5,4,0,16
4.78251605578609,1,0,1,0,0,0,0,1,0,0,1,1,1,0,0,0,3,0,0,0,0,0,0,0,5,4,0,16
6.48148606012211,1,0,1,0,0,0,0,1,0,0,1,1,1,0,0,0,3,0,0,0,0,0,0,0,5,4,0,16
6.69897000433602,1,0,1,0,0,0,1,1,0,0,1,1,1,0,0,0,1,0,0,0,0,0,0,0,7,5,0,16
6.76955107862173,1,0,1,0,3,0,0,1,0,0,1,1,1,0,0,0,1,0,0,0,0,0,0,0,5,5,0,17
6.74472749489669,1,0,1,0,0,0,0,1,0,0,1,1,1,0,0,0,2,0,0,0,0,0,0,0,5,4,0,16
7.27572413039921,0,1,2,0,0,0,0,1,0,0,1,1,1,0,0,0,0,0,0,0,0,0,3,0,5,5,0,19
7.04575749056067,1,0,1,0,0,0,0,1,0,0,1,1,1,0,0,0,0,0,0,0,0,0,0,0,5,4,0,16
6.93181413825384,0,1,2,0,3,0,0,1,0,0,1,1,1,0,0,0,0,0,0,0,0,0,3,0,5,6,0,14
6.15490195998574,0,0,0,0,0,0,0,0,1,0,1,0,0,1,0,2,2,0,0,0,0,0,0,2,7,5,0,16
6.30102999566398,0,0,0,0,0,0,0,0,1,0,2,0,0,1,0,2,1,0,0,0,0,1,0,4,6,4,0,19
5.25963731050576,1,1,0,0,0,0,0,0,1,0,2,1,0,1,0,2,0,0,0,0,0,1,0,2,10,7,0,15
7,0,1,1,0,0,0,0,0,1,0,2,1,0,1,0,2,0,0,0,0,0,1,3,2,10,7,0,18
6.82390874094432,1,1,1,0,3,0,0,1,0,0,1,1,1,0,0,0,0,0,0,0,0,0,0,0,7,8,0,12
7.03151705144607,1,1,1,0,3,0,0,1,0,1,2,1,1,1,0,2,0,0,0,0,0,0,0,2,10,10,0,13
7.13667713987954,1,1,1,0,0,0,0,1,0,1,2,1,1,0,0,3,0,0,0,0,0,0,0,2,8,7,0,17
6.95860731484177,1,1,1,0,0,0,0,1,0,1,2,1,1,0,0,3,0,1,0,0,0,0,0,2,8,7,0,17
7.2839966563652,1,1,0,0,0,0,0,0,0,1,2,1,1,1,1,4,1,0,0,0,0,0,0,4,8,6,2,17
7.50863830616573,1,1,0,0,0,0,0,0,0,1,2,1,1,1,1,4,1,0,0,0,0,0,0,4,8,6,2,17
7.34678748622466,1,1,0,0,0,0,0,0,0,1,2,1,1,1,1,4,1,0,0,0,0,0,0,4,8,6,2,17
7.56863623584101,1,1,1,0,3,0,0,1,0,1,2,1,1,0,0,3,0,0,0,0,0,0,0,2,10,9,0,18
6.70333480973847,1,1,1,0,0,0,0,1,0,1,2,1,1,0,0,3,0,1,0,0,0,0,0,2,8,7,0,17
7.50863830616573,1,1,1,0,0,0,0,1,0,1,2,1,1,0,0,3,0,2,0,0,0,0,0,2,8,7,0,17
7.39794000867204,1,1,1,0,0,0,0,1,0,1,2,1,1,0,0,3,0,0,0,0,0,1,0,2,10,7,0,16
7.30980391997149,2,1,1,0,0,0,0,1,0,1,2,1,1,0,0,3,0,1,0,0,0,0,0,2,8,7,0,17
6.82390874094432,1,1,1,0,0,0,0,1,0,1,2,1,1,0,0,3,0,1,0,0,0,1,0,2,10,7,0,16
7.01322826573375,1,1,1,0,0,0,0,1,0,1,2,1,1,0,0,3,0,2,0,0,0,0,0,2,8,7,0,17
6.86327943284359,1,1,1,0,0,0,0,1,0,1,2,1,1,0,0,3,0,3,0,0,0,0,0,2,8,7,0,17
7.18045606445813,1,1,1,0,0,0,1,1,0,1,2,1,1,0,0,3,0,1,0,0,0,0,0,2,10,8,0,17
7.22914798835786,2,1,1,0,0,0,1,1,0,1,2,1,1,0,0,3,0,0,0,0,0,0,0,2,10,9,0,17
7.11918640771921,1,1,1,0,0,0,0,1,0,1,2,1,1,0,0,3,0,0,0,0,0,2,0,2,12,7,0,17
7.58502665202918,1,1,1,0,0,0,1,1,0,1,2,1,1,0,0,3,0,0,0,0,0,0,0,2,10,8,0,17
7.18045606445813,1,1,1,0,0,0,2,1,0,1,2,1,1,0,0,3,0,0,0,0,0,2,0,2,12,7,0,17
7.46852108295774,1,1,1,0,2,0,0,1,0,1,2,1,1,0,0,3,0,0,0,0,0,0,0,2,10,9,0,18
7.50863830616573,1,4,1,0,0,0,1,1,0,1,2,1,1,0,0,3,0,0,0,0,0,0,0,2,10,9,0,18
6.69897000433602,0,0,0,0,3,0,0,0,0,0,0,0,1,0,0,0,0,0,0,0,0,2,0,0,8,2,0,21
5.24412514432751,0,0,0,0,0,0,0,0,0,0,0,0,1,0,0,0,0,0,0,0,0,3,0,0,8,0,0,19
5.88605664769316,1,0,0,0,0,0,0,0,0,0,0,0,1,0,0,0,1,0,0,0,0,3,0,0,8,0,0,19
5.20065945054642,0,0,0,0,0,0,0,0,0,0,0,0,1,0,0,0,1,0,0,0,0,3,0,0,8,0,0,19
5.95860731484177,2,0,0,0,0,0,0,0,0,0,0,0,1,0,0,0,0,0,0,1,0,4,0,0,9,0,0,18
4.38721614328026,1,0,0,0,3,0,0,0,0,0,0,0,0,0,0,0,0,0,0,1,0,4,0,0,10,4,0,15
4.82102305270683,1,3,0,0,0,0,0,0,0,0,1,1,0,0,0,1,0,0,0,1,1,3,3,2,10,5,0,17
5.50863830616573,1,1,0,0,0,0,0,0,0,0,1,1,0,0,0,1,0,1,0,1,1,3,3,2,10,3,0,17
5.2518119729938,0,1,0,0,0,0,0,0,0,0,1,1,0,0,0,1,1,1,0,1,1,3,3,2,10,3,0,17
5.13667713987954,1,1,0,0,0,0,0,0,0,0,1,1,0,0,0,1,0,1,0,1,1,3,3,2,10,3,0,17
4.76447155309245,0,1,0,0,3,0,0,0,0,0,1,1,0,0,0,1,0,0,0,1,1,3,3,2,10,4,0,18
4.82681373158773,0,1,0,0,0,0,0,0,0,0,1,1,0,0,0,1,0,1,0,1,1,3,3,2,10,3,0,17
4.73802380860219,0,0,0,0,0,0,0,0,0,0,0,0,0,0,0,0,0,0,0,0,0,4,0,0,8,0,0,15
4.75080164260889,2,0,0,0,0,0,0,0,0,0,1,0,0,0,0,0,0,0,0,0,0,0,0,4,4,2,0,13
4.79371395558757,1,0,0,0,0,0,0,0,0,0,1,1,0,0,0,3,2,0,0,0,0,0,0,2,4,3,0,14
4.80631897045872,0,0,0,0,0,0,0,0,1,0,2,0,0,0,0,2,0,0,0,0,0,0,0,6,4,3,0,18
4.88572270343841,0,0,0,1,0,0,0,0,0,0,1,1,0,0,0,1,0,1,0,0,0,1,0,3,5,4,1,15
4.9072793553159,0,0,0,0,0,0,0,0,0,0,0,0,0,0,0,0,0,0,0,0,0,1,0,5,5,1,0,14
5.16557929631847,0,0,0,0,0,0,1,0,0,0,1,1,0,0,0,2,0,0,0,0,1,2,0,2,9,4,0,15
5.21752737583371,0,0,0,1,0,0,0,1,1,0,1,0,0,1,1,5,1,0,0,0,0,0,0,7,4,4,1,16
5.40230481407449,0,0,0,0,0,0,0,0,0,0,1,0,0,0,0,0,0,0,0,0,0,0,0,4,3,2,0,17
5.48148606012211,0,0,0,0,0,0,0,0,0,0,1,0,0,0,0,0,0,0,0,0,1,2,0,2,6,3,0,17
5.56224943717961,1,0,0,1,0,0,0,0,1,0,2,0,0,0,0,3,0,0,0,0,0,3,0,6,8,3,2,22
5.73754891026957,0,0,0,0,0,0,0,0,0,0,1,1,0,1,0,2,2,0,0,0,1,2,0,2,7,3,0,15
5.89619627904404,1,0,0,0,0,0,0,0,0,1,1,0,0,0,0,2,1,0,0,0,1,2,0,2,9,4,0,17
6.10790539730952,0,0,0,0,0,0,0,0,0,0,1,0,0,0,0,0,0,0,0,0,0,0,0,4,4,2,0,17
6.25963731050576,1,1,0,1,0,0,0,0,0,0,1,1,0,0,0,1,2,0,0,0,0,0,0,3,3,5,1,16
6.46852108295774,0,0,0,0,0,0,0,0,0,0,1,1,0,0,0,2,0,0,0,0,1,2,0,2,7,4,0,16
7.88605664769316,1,1,0,0,0,0,0,0,0,0,0,0,0,0,0,0,2,0,0,1,0,4,0,0,10,4,0,12
4.88605664769316,1,1,0,0,0,0,0,0,0,0,0,0,0,0,0,0,1,0,0,1,0,4,0,0,10,4,0,12
4.52287874528034,3,0,0,0,0,0,0,0,0,0,0,0,0,0,0,0,0,0,0,1,0,4,0,0,10,3,0,12
7.29242982390206,1,0,0,0,0,0,0,0,0,0,0,0,0,0,0,0,2,0,0,1,0,4,0,0,10,3,0,12
4.74472749489669,1,0,0,0,0,0,0,0,0,0,0,0,0,0,0,0,2,0,0,1,0,4,0,0,10,3,0,12
5.18708664335714,1,0,0,0,0,0,0,0,0,0,0,0,0,0,0,0,2,0,0,1,0,4,0,0,10,3,0,12
4.05060999335509,1,0,0,0,0,0,0,0,0,0,0,0,0,0,0,0,0,0,0,1,0,4,0,0,10,3,0,12
5.02227639471115,1,0,0,0,0,0,0,0,0,0,0,0,0,0,0,0,0,0,0,1,0,4,0,2,11,4,0,13
4.20065945054642,1,0,0,0,0,0,1,0,0,0,0,0,0,0,0,0,0,0,0,1,0,4,0,0,12,4,0,12
4.49485002168009,1,0,0,0,0,0,0,0,0,0,0,0,0,0,0,0,0,0,0,1,0,4,0,0,10,3,0,12
4.33724216831843,2,0,0,0,0,0,0,0,0,0,0,0,0,0,0,0,0,0,0,1,0,4,0,0,10,3,0,12
4.53760200210104,1,0,0,0,0,0,0,0,0,0,0,0,0,0,0,0,1,0,0,1,0,4,0,0,10,3,0,12
4.92081875395237,1,0,0,0,0,0,0,0,0,0,0,0,0,0,0,0,1,0,0,1,0,4,0,0,10,3,0,12
4.4089353929735,1,0,0,0,0,0,0,0,0,0,0,0,0,0,0,0,1,0,0,1,0,4,0,0,10,3,0,12
9,3,0,1,0,0,0,0,0,1,0,1,0,0,0,0,3,0,1,0,0,0,1,0,2,6,4,0,23
7.79588001734407,2,0,0,0,0,0,0,0,1,0,1,0,0,0,0,3,0,1,0,0,0,1,0,2,6,3,0,22
7.72124639904717,3,0,0,0,0,0,0,0,1,0,1,0,0,0,0,3,0,1,0,0,0,1,0,2,6,4,0,23
7.44369749923271,0,0,0,0,0,0,0,0,1,0,1,0,0,0,0,3,0,1,0,0,0,1,0,2,6,3,0,22
7.02227639471115,0,0,0,0,0,0,0,0,1,0,1,0,0,0,0,3,1,0,0,0,0,1,0,2,6,3,0,22
5.22914798835786,1,0,0,0,0,0,0,0,1,0,1,0,0,0,0,3,1,0,0,0,0,1,0,2,4,1,0,16
5.79588001734407,0,0,0,0,0,0,0,0,1,0,1,0,0,0,0,3,1,1,0,0,0,1,0,2,4,1,0,16
6.50863830616573,0,0,0,0,3,0,0,0,1,0,1,0,0,0,0,3,1,0,0,0,0,1,0,2,6,3,0,17
6.58502665202918,1,1,0,0,0,0,1,0,1,0,1,0,0,0,0,3,1,0,0,0,0,1,0,2,6,4,0,16
5.73541827076192,2,1,2,0,0,0,0,1,0,0,2,1,0,0,0,0,0,0,0,0,0,1,3,2,8,5,0,14
5.38626385873813,2,1,1,0,0,0,0,1,0,0,2,1,0,0,0,0,0,0,0,0,0,1,3,2,8,4,0,14
5.3543812617573,3,2,0,0,0,0,0,1,0,0,1,1,0,4,0,0,0,0,0,0,0,1,0,2,8,7,2,12
5.20072839165013,3,1,1,0,0,0,0,1,0,0,2,1,0,0,0,0,0,0,0,0,0,1,0,2,8,5,0,11
4.93430827190673,3,1,1,0,0,0,0,1,0,1,2,0,0,0,0,0,0,0,0,0,0,1,0,2,8,5,0,10
4.92147068474565,1,4,1,0,0,0,0,1,0,1,2,0,0,0,0,0,0,0,0,0,0,1,0,2,8,4,0,10
3.88605664769316,0,0,1,0,0,0,0,0,0,0,1,1,0,1,1,2,0,2,0,0,0,0,0,2,4,6,0,21
6.0268721464003,1,0,0,0,0,0,1,0,0,0,1,1,0,0,0,2,0,3,0,0,0,1,0,2,8,4,0,23
5.96257350205938,1,0,0,0,0,0,1,0,1,0,2,1,0,0,0,6,0,0,0,0,0,1,0,4,9,5,0,24
5.82390874094432,1,0,0,0,3,0,0,0,1,0,2,1,0,0,0,6,0,3,0,0,0,1,0,4,9,6,0,25
5.64206515299955,1,0,0,0,0,0,1,0,0,0,1,1,0,0,0,2,0,0,0,0,0,1,0,2,8,4,0,23
5.54821356447571,2,0,0,0,0,0,1,0,1,0,2,1,0,0,0,6,0,3,0,0,0,1,0,4,9,6,0,24
5.49349496759513,2,1,0,0,0,0,0,0,0,0,1,1,0,0,0,2,0,3,0,0,0,1,0,2,6,4,0,23
5.46344155742847,1,0,0,0,3,0,0,0,1,0,2,1,0,0,0,6,0,3,0,0,0,1,0,4,7,5,0,25
5.33913452199613,1,0,0,0,0,0,0,0,1,0,2,1,0,0,0,6,0,4,0,0,0,1,0,4,7,4,0,24
5.21538270736712,1,0,0,0,3,0,0,0,0,0,1,1,0,0,0,2,0,3,0,0,0,1,0,2,6,4,0,24
7.89997426989214,3,2,1,0,0,0,1,0,0,0,0,0,0,0,0,0,0,1,0,1,0,4,3,0,9,5,0,18
7.79997073344623,3,1,1,0,0,0,1,0,0,0,0,0,0,0,0,0,0,0,0,1,0,4,3,0,10,5,0,19
6.90000876645532,3,1,0,0,0,0,1,0,0,0,0,0,0,0,0,0,0,0,0,1,0,4,0,0,11,5,0,14
9.10001543745061,4,1,0,0,0,0,1,0,0,0,0,0,0,0,0,0,0,2,0,1,0,4,0,0,11,5,0,15
5.95546023960759,1,0,0,0,0,0,0,0,0,1,1,0,0,1,0,1,0,0,0,0,1,4,0,2,13,5,0,17
7.58502665202918,1,3,0,0,0,0,0,0,0,1,1,0,0,1,0,1,0,0,0,0,1,2,0,2,9,5,0,17
6.40560744962457,1,0,0,0,0,0,0,0,0,1,1,0,0,1,0,1,2,0,0,0,1,2,0,2,9,5,0,17
6.7594507517174,1,0,0,0,0,0,0,0,0,1,1,0,0,1,0,1,2,0,0,0,1,2,0,2,9,5,0,17
6.89279003035213,1,0,0,0,3,0,0,0,0,1,1,0,0,1,0,1,0,0,0,0,1,2,0,2,9,6,0,18
6.88272870434424,1,0,0,0,3,0,0,0,0,1,1,0,0,1,0,1,1,0,0,0,1,2,0,2,9,6,0,18
6.54668165995296,4,0,0,0,0,0,0,0,0,1,1,0,0,1,0,1,0,0,0,0,1,2,0,2,9,6,0,18
6.38933983691012,1,0,0,0,3,0,0,0,0,1,1,0,0,1,0,1,0,0,0,0,1,2,0,2,9,6,0,18
6.62160209905186,1,0,0,0,0,0,0,0,0,1,1,0,0,1,0,1,1,0,0,0,1,2,0,2,9,5,0,17
5.84163750790475,1,0,0,0,0,0,1,0,0,1,1,0,0,1,0,1,0,0,0,0,1,2,0,2,11,6,0,17
6.10568393731556,1,0,0,0,0,0,0,0,0,1,1,0,0,1,0,1,0,0,0,0,1,2,0,2,9,5,0,17
7.45593195564972,2,0,0,0,0,0,0,0,0,1,1,0,0,1,0,1,1,0,0,0,1,2,0,2,9,5,0,17
7.30980391997149,2,0,0,0,0,0,0,0,0,1,1,0,0,1,0,1,0,1,0,0,1,2,0,2,9,5,0,17
7.23657200643706,3,0,0,0,0,0,0,0,0,1,1,0,0,1,0,1,0,0,0,0,1,2,0,2,9,5,0,17
6.2580609222708,5,0,0,0,0,0,0,0,0,1,1,0,0,1,0,1,1,0,0,0,1,2,0,2,9,6,0,12
6.18575240426808,5,0,0,0,0,0,0,0,0,1,1,0,0,1,0,1,0,1,0,0,1,2,0,2,9,6,0,12
6.28819277095881,6,0,0,0,0,0,0,0,0,1,1,0,0,1,0,1,0,0,0,0,1,2,0,2,9,6,0,12
6.4294570601181,2,1,1,0,0,0,0,0,0,1,1,0,0,1,0,1,1,0,0,0,1,2,3,2,9,6,0,14
6.19044028536473,2,1,1,0,0,0,0,0,0,1,1,0,0,1,0,1,0,1,0,0,1,2,3,2,9,6,0,14
6.48811663902113,3,1,1,0,0,0,0,0,0,1,1,0,0,1,0,1,0,0,0,0,1,2,3,2,9,6,0,14
5.04440844959428,3,0,0,0,0,0,0,0,0,1,2,1,0,2,0,2,0,0,0,0,1,2,0,4,12,8,0,19
5.21896306137887,1,1,1,0,3,0,0,0,0,1,2,1,0,2,0,0,1,0,0,0,1,2,3,2,12,9,0,17
5.67551176669234,3,0,0,0,0,0,0,0,0,1,1,0,0,2,0,0,0,0,0,0,1,2,0,2,10,5,0,11
6.05207638016827,2,0,0,0,0,0,0,0,0,1,1,0,0,1,0,1,0,0,0,0,1,2,0,2,9,5,0,15
6.01367622294923,3,0,0,0,0,0,0,0,0,1,1,0,0,1,0,1,1,0,0,0,1,2,0,2,9,5,0,11
5.70180213289018,3,0,0,0,0,0,0,0,0,1,1,0,0,1,0,1,0,1,0,0,1,2,0,2,9,5,0,11
5.86710023005552,4,0,0,0,0,0,0,0,0,1,1,0,0,1,0,1,0,0,0,0,1,2,0,2,9,5,0,11
5.04220122507,2,0,0,0,0,0,0,0,0,1,1,0,0,1,0,1,0,0,0,0,1,2,0,2,9,5,0,11
6.25026368443094,2,0,0,0,0,0,0,1,0,0,0,0,0,1,0,1,0,0,0,0,1,2,0,2,7,3,0,15
5.71534371721148,2,0,0,0,3,0,0,1,0,0,0,0,0,1,0,1,0,0,0,0,1,2,0,2,7,4,0,12
5.62967199222049,2,0,0,0,3,0,0,1,0,0,0,0,0,1,0,1,1,0,0,0,1,2,0,2,7,4,0,12
5.41476493663422,4,0,0,0,0,0,0,1,0,0,0,0,0,1,0,1,0,0,0,0,1,2,0,2,7,3,0,11
5.43782613663535,5,0,0,0,0,0,0,1,0,0,0,0,0,1,0,1,0,0,0,0,1,2,0,2,7,4,0,12
7.74472749489669,1,4,0,0,0,0,0,0,0,1,1,0,0,1,0,1,0,0,0,0,1,2,0,2,9,5,0,17
7.53760200210104,1,0,0,0,0,0,0,0,0,1,1,0,0,1,0,1,0,0,0,0,1,2,0,2,9,5,0,21
6.34390179798717,1,0,0,0,0,0,0,0,0,1,1,0,0,1,0,1,0,0,0,0,1,2,0,2,9,5,0,25
6.50723961097316,1,0,0,0,0,0,1,0,0,1,1,0,0,1,0,1,0,2,0,0,1,2,0,2,11,6,0,23
7.60205999132796,3,1,1,0,0,0,1,0,0,0,0,0,0,0,0,0,0,3,0,1,0,3,3,0,9,5,0,19
6.67778070526608,2,0,0,0,0,0,0,0,1,0,2,1,0,1,0,2,0,0,1,0,0,2,0,2,9,3,0,23
5.86012091359876,2,0,0,0,0,0,0,0,1,0,2,1,0,1,0,2,0,0,1,0,0,2,0,2,9,3,0,23
4.49485002168009,2,0,0,0,0,0,0,0,1,0,2,1,0,1,0,2,0,0,1,0,0,2,0,2,9,3,0,23
6.52287874528034,2,0,0,0,0,0,1,0,1,0,2,1,0,1,0,2,0,0,1,0,0,2,0,2,11,6,0,29
7.55284196865778,2,0,0,0,0,0,1,0,1,0,2,1,0,1,0,2,0,0,1,0,0,2,0,2,11,6,0,29
4.32790214206428,2,0,0,0,0,0,0,0,1,0,2,1,0,1,0,2,0,0,1,0,0,2,0,2,9,3,0,23
5.0087739243075,0,0,0,0,0,0,0,0,0,0,1,0,0,1,0,2,0,0,1,0,0,2,0,2,6,1,0,21
5.10790539730952,1,0,0,0,0,0,0,0,0,0,1,0,0,1,0,2,0,0,1,0,0,2,0,2,6,1,0,21
4.69897000433602,0,0,0,0,0,0,0,0,0,0,1,0,0,1,0,2,0,0,1,0,0,3,0,2,9,1,0,20
4.72124639904717,0,0,0,0,0,0,0,0,0,0,1,0,0,1,0,2,0,0,1,0,0,3,0,2,8,1,0,20
4.55284196865778,0,2,0,0,0,0,0,0,0,0,2,0,0,2,0,3,0,0,1,0,0,4,0,4,12,3,0,22
4.30102999566398,1,2,0,0,0,0,0,0,0,0,2,0,0,2,0,3,0,0,1,0,0,4,0,4,12,3,0,22
4.43179827593301,1,2,0,0,0,0,0,0,0,0,2,0,0,1,0,3,0,0,1,0,0,4,0,4,12,3,0,22
4.55284196865778,0,0,0,0,0,0,0,0,0,0,1,0,0,1,0,2,0,0,1,0,0,3,0,2,8,1,0,20
4.29242982390206,1,0,0,0,0,0,0,0,0,0,2,1,0,1,0,2,0,0,1,0,0,2,0,2,9,3,0,23
4.2518119729938,1,0,0,0,0,0,0,0,0,0,2,1,0,1,0,2,0,0,1,0,0,2,0,2,9,3,0,23
4.69897000433602,0,2,0,0,0,0,0,0,0,0,2,0,0,1,0,4,0,0,1,0,0,3,0,4,10,3,0,23
4.39794000867204,1,0,0,0,0,0,0,0,0,0,2,1,0,1,0,2,0,0,1,0,0,3,0,2,11,3,0,22
4.50863830616573,0,3,0,0,0,0,1,0,0,0,1,0,0,1,0,2,0,0,1,0,0,3,0,2,11,5,0,22
4.31875876262441,0,1,1,0,0,0,0,0,0,0,2,1,0,1,0,2,0,3,1,0,0,2,3,2,9,4,0,26
4.42021640338319,0,1,1,0,0,0,0,0,0,0,2,1,0,1,0,2,0,2,1,0,0,2,3,2,9,4,0,26
4.63827216398241,0,1,1,0,0,0,1,0,0,0,2,1,0,1,0,2,0,2,1,0,0,2,3,2,11,5,0,26
5.10237290870956,0,1,0,0,0,0,0,0,0,0,1,1,0,0,0,1,0,0,0,0,1,3,3,2,10,4,0,16
5.31425826139774,0,0,0,0,3,0,1,0,0,0,1,1,0,1,0,2,1,0,1,1,0,5,0,2,14,5,0,26
6.74957999769111,0,0,0,0,0,0,1,0,0,0,1,1,0,1,0,2,1,0,1,1,0,5,0,2,14,4,0,25
6.17005330405836,1,0,0,0,0,0,0,0,0,0,1,1,0,1,0,2,1,0,1,1,0,5,0,2,12,3,0,25
6.86582289242323,2,0,1,0,0,0,0,0,1,0,1,0,0,0,0,3,0,0,0,0,0,1,0,2,4,2,0,17
5.80518051043796,3,0,1,0,0,0,0,0,1,0,1,0,0,0,0,4,0,0,0,0,0,1,0,2,4,2,0,17
6.35981680807866,1,3,0,0,0,0,0,0,1,0,1,0,0,0,0,3,0,0,0,0,0,1,0,2,4,4,0,16
5.88272870434424,1,2,0,0,0,0,1,0,1,0,1,0,0,0,0,3,0,0,0,0,0,1,0,2,6,5,0,16
5.48814336565776,0,0,0,0,0,0,2,0,0,1,1,0,0,0,0,3,0,0,0,0,0,1,0,2,9,4,0,16
5.28593861318585,0,0,0,0,0,0,0,0,1,0,1,0,0,0,0,3,0,0,0,0,0,3,0,2,8,1,0,16
7.24336389175415,0,0,0,0,0,0,0,0,1,0,1,0,0,0,0,3,2,0,0,0,0,1,0,2,4,1,0,16
6.17639537164484,0,0,0,0,0,0,0,0,1,0,1,0,0,0,0,3,2,0,0,0,0,1,0,2,4,1,0,16
8.01322826573375,3,1,1,0,0,0,0,0,1,0,1,0,0,0,0,4,0,0,0,0,0,1,0,2,4,3,0,17
6.85698519974591,0,0,0,0,0,0,0,0,1,0,2,0,0,0,0,3,0,0,0,0,1,2,0,4,8,4,0,18
7.09151498112135,1,0,0,0,0,0,0,0,1,0,2,0,0,0,0,3,0,0,0,0,1,2,0,4,8,4,0,18
7.18045606445813,1,0,0,0,0,0,0,0,1,0,2,0,0,0,0,3,1,0,0,0,1,2,0,4,8,4,0,18
6.44855000202713,1,1,0,0,0,0,0,0,1,0,2,0,0,0,0,3,1,0,0,0,1,2,0,4,8,5,0,18
8.09691001300806,0,0,0,0,0,0,0,0,1,0,2,0,0,0,0,3,1,0,0,0,1,2,0,4,9,4,0,18
7.22914798835786,1,0,0,0,0,0,0,0,1,0,2,0,0,0,0,3,1,0,0,0,1,2,0,4,9,5,0,18
8.04575749056067,1,1,0,0,0,0,0,0,1,0,2,0,0,0,0,3,1,0,0,0,1,2,0,4,9,6,0,18
7.03151705144607,2,0,0,0,0,0,0,0,1,0,2,0,0,0,0,3,1,0,0,0,1,2,0,4,9,5,0,19
6.37161106994969,0,0,0,0,0,1,0,0,1,0,2,0,0,0,0,3,1,0,0,0,1,2,0,4,10,6,0,18
7.61978875828839,2,1,0,0,0,0,0,0,1,0,2,0,0,0,0,3,1,0,0,0,1,2,0,4,9,6,0,19
7.72124639904717,2,2,0,0,0,0,0,0,1,0,2,0,0,0,0,3,1,0,0,0,1,2,0,4,9,7,0,19
7.82390874094432,3,2,0,0,0,0,0,0,1,0,2,0,0,0,0,3,1,0,0,0,1,2,0,4,9,7,0,19
7.55284196865778,0,0,0,0,0,0,0,0,1,0,2,0,0,0,0,3,2,0,0,0,1,2,0,4,9,4,0,18
7.95860731484177,0,0,0,0,0,0,0,0,1,0,2,0,0,0,0,3,1,0,0,0,1,2,0,4,9,4,0,18
7.06048074738138,0,0,0,0,3,0,0,0,1,0,2,0,0,0,0,3,1,0,0,0,1,2,0,4,9,5,0,19
8.09691001300806,1,0,0,0,0,0,0,0,1,0,2,0,0,0,0,3,1,0,0,0,1,2,0,4,9,4,0,18
8.69897000433602,0,0,0,0,0,0,0,0,1,0,2,0,0,0,0,3,1,1,0,0,1,2,0,4,9,4,0,18
7.85387196432176,2,0,0,0,0,0,0,0,1,0,2,0,0,0,0,3,0,0,0,0,1,2,0,4,9,4,0,18
6.39794000867204,0,0,0,0,0,0,0,0,1,0,1,0,0,2,0,1,1,0,0,0,0,1,0,2,6,3,0,13
4.7594507517174,0,0,0,0,0,0,0,0,1,0,1,0,0,2,0,1,0,0,0,0,0,1,0,2,6,3,0,13
5.55284196865778,0,0,0,0,0,0,0,0,1,0,1,0,0,2,0,1,0,1,0,0,0,1,0,2,6,3,0,13
6.30102999566398,0,0,0,0,3,0,0,0,1,0,1,0,0,2,0,1,0,0,0,0,0,1,0,2,8,5,0,14
6.3767507096021,0,0,0,0,0,0,0,0,1,0,1,0,0,1,0,2,1,0,0,0,0,0,0,2,4,3,0,14
5,0,0,0,0,0,0,1,0,1,0,1,0,0,1,0,2,0,0,0,0,0,0,0,2,6,4,0,14
5.09691001300806,1,0,0,0,3,0,0,0,1,0,1,0,0,2,0,1,0,0,0,0,0,1,0,2,6,4,0,14
4.76955107862173,0,0,0,0,3,0,0,0,1,0,1,0,0,2,0,1,0,0,0,0,0,1,0,2,6,4,0,14
4.88605664769316,1,0,0,0,0,0,0,0,1,0,1,0,0,2,0,1,1,0,0,0,0,1,0,2,6,3,0,13
5.88605664769316,0,4,0,0,0,0,0,0,0,0,2,2,0,0,0,2,1,0,0,0,0,0,0,2,6,7,0,17
4.90657831483777,0,4,0,0,0,0,0,0,0,0,2,2,0,0,0,2,0,0,0,0,0,0,0,2,6,7,0,17
5.72124639904717,1,4,0,0,0,0,0,0,0,0,2,2,0,0,0,2,0,0,0,0,0,0,0,2,6,7,0,17
5.44369749923271,0,4,0,0,0,0,1,0,0,0,2,2,0,0,0,2,0,0,0,0,0,0,0,2,8,8,0,17
5.05060999335509,0,4,0,0,0,0,0,0,0,0,2,2,1,0,0,2,0,0,0,0,0,0,0,2,7,7,0,17
5.02227639471115,0,4,0,0,0,0,0,0,0,0,2,2,0,0,0,2,0,1,0,0,0,0,0,2,6,7,0,17
6.04095860767891,0,4,0,0,3,0,0,0,0,0,2,2,0,0,0,2,0,0,0,0,0,0,0,2,6,8,0,18
6.2518119729938,0,4,0,0,3,0,0,0,0,0,2,2,0,0,0,2,0,0,0,0,0,0,0,2,8,9,0,18
5.13076828026902,0,4,0,0,0,0,0,0,0,0,2,2,0,0,0,2,1,0,0,0,0,0,0,2,6,7,0,17
5.82390874094432,0,4,0,0,0,0,0,0,0,0,2,2,0,0,0,2,2,0,0,0,0,0,0,2,6,7,0,17
5.56863623584101,0,4,0,0,2,0,0,0,0,0,2,2,0,0,0,2,0,0,0,0,0,2,0,2,10,7,0,18
8.23882418684427,1,2,0,0,0,0,0,0,1,0,1,0,0,0,0,0,0,0,0,0,0,2,0,6,8,4,1,9
6.3045183235098,1,3,0,0,0,0,0,0,1,0,1,0,0,0,0,0,0,0,0,0,0,2,0,6,8,5,1,9
7.77469071827414,3,2,0,0,0,0,0,0,1,0,1,0,0,0,0,0,0,0,0,0,0,2,0,6,8,5,1,10
9.01322826573375,0,2,0,0,0,0,0,0,1,0,1,0,0,1,0,3,0,0,0,0,0,2,0,6,8,4,2,15
5.59006687666871,0,2,0,0,0,0,0,0,1,0,1,0,0,1,0,3,1,0,0,0,0,2,0,6,8,4,2,9
6.53313237964589,1,2,0,0,0,0,0,0,1,0,1,0,0,0,0,0,0,1,0,0,0,2,0,6,8,4,1,9
6.54668165995296,0,2,0,0,3,0,0,0,1,0,1,0,0,1,0,3,0,0,0,0,0,2,0,6,8,5,2,10
6.14327110961712,0,2,0,0,3,0,0,0,1,0,1,0,0,1,0,3,0,0,0,0,0,2,0,6,8,5,2,10
7.94309514866353,0,2,0,0,6,0,0,0,1,0,1,0,0,1,0,3,0,0,0,0,0,2,0,6,8,6,2,11
7.08407278830288,0,2,0,0,3,0,0,0,1,0,1,0,0,1,0,3,0,0,0,0,0,2,0,6,10,6,2,10
7.77989191195995,0,2,0,0,0,0,0,0,1,0,1,0,0,1,0,3,0,0,0,0,0,2,0,6,10,6,2,15
6.01412464269161,0,2,0,0,0,0,1,0,1,0,1,0,0,0,0,0,0,0,0,0,0,2,0,6,10,5,1,9
5.60032627851896,0,2,0,0,0,0,1,0,1,0,1,0,0,0,0,0,0,0,0,0,0,2,0,6,10,5,1,9
5.97469413473523,0,2,0,0,0,0,2,0,1,0,1,0,0,0,0,0,0,0,0,0,0,2,0,6,12,6,1,9
6.11690664142431,0,2,0,0,0,0,0,0,1,1,2,0,0,0,0,2,0,0,0,0,0,2,0,8,11,6,1,10
5.5543957967264,0,2,0,0,0,0,0,0,1,1,2,0,0,0,0,2,0,0,0,0,0,2,0,8,11,6,1,10
5.61978875828839,0,2,0,0,0,0,0,0,2,0,2,0,0,0,0,2,0,0,0,0,0,2,0,8,10,5,1,10
5.68402965454308,0,2,0,0,0,0,0,0,1,0,2,1,0,0,0,2,0,0,0,0,0,2,0,8,11,6,1,11
6.41005039867429,3,3,0,0,0,0,0,0,1,0,1,0,0,0,0,0,0,0,0,0,0,3,0,6,14,7,1,12
6.36251027048749,0,2,0,0,0,0,0,0,1,0,1,0,0,1,0,3,0,0,0,0,0,2,0,6,8,4,2,13
7.33629907461035,0,2,0,0,0,0,0,0,1,0,1,0,0,1,0,3,0,0,0,0,0,2,0,6,8,4,2,13
8.3829996588791,0,2,0,0,0,0,0,0,1,0,1,0,0,1,0,3,0,0,0,0,0,2,0,6,8,4,2,17
5.58502665202918,0,2,0,0,0,0,0,0,1,0,1,0,0,1,0,3,0,0,0,0,0,3,0,6,10,4,2,12
7.16685288808721,0,2,0,0,0,0,1,0,1,0,1,0,0,0,0,0,0,0,0,0,0,2,0,6,10,5,1,13
7.69250396208679,0,2,0,0,0,0,1,0,1,0,1,0,0,0,0,0,0,0,0,0,0,2,0,6,10,5,1,13
7.33535802444387,0,2,0,0,0,0,1,0,1,0,1,0,0,0,0,0,0,0,0,0,0,2,0,6,10,5,1,13
7.87614835903291,0,2,0,0,0,0,1,0,1,0,1,0,0,0,0,0,0,0,0,0,0,2,0,6,10,5,1,13
7.40011692792631,0,2,0,0,0,0,1,0,1,0,1,0,0,0,0,0,0,0,0,0,0,2,0,6,10,5,1,13
7.64781748188864,0,2,0,0,0,0,1,0,1,0,1,0,0,0,0,0,0,0,0,0,0,2,0,6,10,5,1,13
7.68613277963085,0,2,0,0,0,0,1,0,1,0,1,0,0,0,0,0,0,0,0,0,0,2,0,6,10,5,1,13
7.32057210338788,0,2,0,0,0,0,2,0,1,0,1,0,0,0,0,0,0,0,0,0,0,2,0,6,12,6,1,13
6.55752023093555,0,2,0,0,0,0,0,0,1,0,1,0,0,0,0,0,0,0,0,0,0,2,0,6,12,7,1,13
7.5016894462104,0,2,0,0,0,0,0,0,1,0,1,0,0,0,0,0,0,0,0,0,0,2,0,6,12,7,1,13
7.35359627377693,0,2,0,0,0,0,0,0,1,0,1,0,0,0,0,0,0,0,0,0,0,2,0,6,12,7,1,13
5.40230481407449,1,2,0,0,0,0,0,0,1,0,2,1,0,0,0,0,0,0,0,0,0,2,0,6,11,6,1,15
6.28066871301627,0,2,0,0,0,0,0,0,1,0,2,1,0,0,0,2,0,0,0,0,0,2,0,8,11,7,1,21
7.11069829749369,0,2,0,0,0,0,0,0,1,1,2,0,0,0,0,2,0,0,0,0,0,2,0,8,11,6,1,14
7.35359627377693,0,2,0,0,0,0,0,0,1,1,2,0,0,0,0,3,0,0,0,0,0,2,0,8,11,6,1,14
5.74836177955179,0,2,0,0,0,0,0,0,2,0,2,0,0,0,0,2,0,0,0,0,0,2,0,8,10,5,1,14
5.65325594539515,0,2,0,0,0,0,0,0,1,0,2,1,0,0,0,2,0,0,0,0,0,2,0,8,11,6,1,15
6.32605800136591,1,2,0,0,0,0,0,0,1,0,2,1,0,0,0,2,0,0,0,0,0,2,0,8,11,7,1,15
5.89483057200067,0,2,0,0,0,0,0,0,1,0,2,0,0,0,0,2,0,0,0,0,0,2,0,8,12,6,1,15
6.52724355068279,0,2,0,0,0,0,0,0,1,0,2,1,0,0,0,3,0,0,0,0,0,2,0,8,11,6,1,15
7.3936186348894,0,2,0,0,0,0,0,0,1,0,2,0,0,0,0,3,0,0,0,0,0,2,0,8,12,6,1,15
6.6903698325741,0,4,0,0,0,0,0,0,1,1,2,0,0,0,0,3,0,0,0,0,0,2,0,8,11,8,1,10
6.83268266525182,0,4,0,0,0,0,0,0,1,1,2,0,0,0,0,2,0,0,0,0,0,2,0,8,11,8,1,10
6.36251027048749,0,4,0,0,0,0,0,0,1,1,2,0,0,0,0,2,0,0,0,0,0,2,0,8,11,8,1,10
6.19517932127884,0,4,0,0,0,0,0,0,2,0,2,0,0,0,0,3,0,0,0,0,0,2,0,8,10,7,1,10
7.28316227670048,0,4,0,0,0,0,0,0,1,1,2,0,0,0,0,2,0,0,0,0,0,2,0,8,11,8,1,14
7.62160209905186,0,4,0,0,0,0,0,0,1,1,2,0,0,0,0,3,0,0,0,0,0,2,0,8,11,8,1,14
5.70509308939481,0,4,0,0,0,0,0,0,2,0,2,0,0,0,0,2,0,0,0,0,0,2,0,8,10,7,1,14
6.81815641205523,0,4,0,0,0,0,0,0,2,0,2,0,0,1,0,6,0,0,0,0,0,2,0,8,10,7,2,14
6.0762380391713,0,0,0,0,0,0,0,0,1,1,2,0,0,0,0,2,0,0,0,1,0,5,0,10,14,4,1,13
6.83564714421556,1,0,0,0,0,0,0,0,1,0,1,0,0,1,0,2,0,2,0,0,0,1,0,2,6,3,0,19
6.97881070093006,0,1,1,0,0,0,0,0,1,0,1,0,0,1,0,2,0,0,0,0,0,2,3,2,8,4,0,21
7.0087739243075,1,0,0,0,3,0,0,0,1,0,1,0,0,1,0,2,0,0,0,0,0,1,0,2,6,4,0,20
7.24412514432751,0,1,1,0,0,0,0,0,1,0,1,0,0,1,0,2,0,2,0,0,0,2,3,2,9,4,0,21
7.30980391997149,0,1,1,0,0,0,1,0,1,0,1,0,0,1,0,2,0,0,0,0,0,1,3,2,8,5,0,22
7.74472749489669,1,0,0,0,0,0,0,0,1,0,1,0,0,1,0,2,0,1,0,0,0,1,0,2,6,3,0,19
7.24412514432751,0,2,2,0,0,0,0,0,1,0,1,0,0,1,0,2,0,0,0,0,0,2,6,2,8,5,0,24
6.94692155651658,0,1,1,0,0,0,0,0,1,0,1,0,0,1,0,2,0,0,0,0,0,1,3,2,6,4,0,22
7.20760831050175,1,0,0,0,0,0,0,0,1,0,1,0,0,1,0,2,1,0,0,0,0,1,0,2,6,3,0,19
8,0,1,1,0,0,0,0,0,1,0,1,0,0,1,0,2,0,0,0,0,0,1,3,2,6,4,0,28
6.94309514866353,0,2,1,0,0,0,1,0,1,0,1,0,0,1,0,2,0,0,0,0,0,2,6,2,10,6,0,24
7.55284196865778,0,2,2,0,0,0,0,0,1,0,1,0,0,1,0,2,0,0,0,0,0,1,6,2,6,5,0,25
7.38721614328026,2,3,0,0,0,0,0,0,1,0,1,0,0,1,0,2,0,0,0,0,0,2,0,2,9,4,0,14
6.92445303860747,2,4,0,0,0,0,0,0,1,0,1,0,0,1,0,2,0,0,0,0,0,2,0,2,9,4,0,14
6.96257350205938,1,0,0,0,0,0,0,0,1,0,1,0,0,1,0,2,1,0,0,0,0,2,0,2,8,3,0,18
6.72124639904717,2,0,0,0,0,0,1,0,1,0,1,0,0,1,0,2,0,0,0,0,0,1,0,2,8,5,0,19
7.52287874528034,3,0,0,0,0,0,1,0,1,0,1,0,0,1,0,2,0,0,0,0,0,1,0,2,8,5,0,19
7.10790539730952,3,0,0,0,0,0,1,0,1,0,1,0,0,1,0,2,0,0,0,0,0,1,0,2,8,5,0,19
6.86012091359876,1,0,0,0,3,0,1,0,1,0,1,0,0,1,0,2,0,0,0,0,0,1,0,2,8,5,0,20
7.67778070526608,2,0,0,0,0,0,1,0,1,0,1,0,0,1,0,2,0,0,0,0,0,1,0,2,8,4,0,19
7.72124639904717,2,0,0,0,0,0,1,0,1,0,1,0,0,1,0,2,0,1,0,0,0,1,0,2,8,5,0,19
7.04095860767891,1,0,0,0,0,0,0,0,1,0,1,0,0,1,0,2,0,1,0,0,0,1,0,2,6,3,0,19
7.27572413039921,2,0,0,0,0,0,0,0,1,0,1,0,0,1,0,2,0,0,0,0,0,1,0,2,6,3,0,19
7.55284196865778,3,0,0,0,0,0,1,0,1,0,1,0,0,1,0,2,0,1,0,0,0,1,0,2,8,5,0,20
7.95860731484177,4,0,0,0,0,0,1,0,1,0,1,0,0,1,0,2,0,0,0,0,0,1,0,2,8,5,0,20
7.85387196432176,2,0,0,0,0,0,0,0,1,0,1,0,0,1,0,2,1,0,0,0,0,1,0,2,6,3,0,19
6.72124639904717,2,0,0,0,0,0,0,0,1,0,2,0,0,1,0,4,0,0,0,0,0,1,0,4,8,4,0,20
7.01322826573375,2,0,0,0,0,0,1,0,1,0,1,0,0,1,0,2,0,1,0,0,0,1,0,2,8,4,0,19
7.92081875395237,1,0,0,0,3,0,1,0,1,0,1,0,0,1,0,2,0,0,0,0,0,1,0,2,8,5,0,20
7.48148606012211,2,0,0,0,0,0,0,0,1,0,2,0,0,1,0,4,0,0,0,0,0,1,0,4,10,5,0,21
7.49485002168009,1,0,0,0,0,0,0,0,1,0,1,0,0,1,0,2,1,0,0,0,0,1,0,2,6,3,0,19
8.30102999566398,1,1,1,0,3,0,0,0,1,0,1,0,0,1,0,2,0,0,0,0,0,1,3,2,8,6,0,23
8.22184874961636,1,1,1,0,0,0,0,0,1,0,1,0,0,1,0,2,0,0,0,0,0,1,3,2,6,4,0,22
7.69897000433602,2,0,0,0,3,0,0,0,1,0,1,0,0,1,0,2,0,0,0,0,0,1,0,2,6,4,0,20
8,2,0,0,0,0,0,0,0,1,0,1,0,0,1,0,2,1,0,0,0,0,1,0,2,6,3,0,19
8.30102999566398,2,0,0,0,0,0,0,0,1,0,1,0,0,1,0,2,0,1,0,0,0,1,0,2,6,3,0,19
7.43179827593301,2,0,0,0,0,0,0,0,1,0,1,0,0,1,0,2,0,1,0,0,0,2,0,2,8,3,0,18
8.69897000433602,0,1,1,0,3,0,0,0,1,0,1,0,0,1,0,2,0,0,0,0,0,1,3,2,6,5,0,23
8.15490195998574,0,1,1,0,3,0,1,0,1,0,1,0,0,1,0,2,0,0,0,0,0,1,3,2,8,6,0,23
6.83863199776502,0,0,0,0,0,0,0,0,1,0,1,0,0,1,0,2,2,0,0,0,0,1,0,2,6,3,0,19
8.39794000867204,0,1,1,0,0,0,0,0,1,0,1,0,0,1,0,2,1,0,0,0,0,1,3,2,6,4,0,22
7.04575749056067,1,0,0,0,0,0,0,0,1,0,1,0,0,1,0,2,0,1,0,0,0,2,0,2,8,3,0,18
7.72124639904717,1,0,0,0,0,0,0,0,1,0,1,0,0,1,0,2,0,2,0,0,0,1,0,2,6,3,0,19
8.52287874528034,0,1,1,0,0,0,0,0,1,0,1,0,0,1,0,2,1,0,0,0,0,2,3,2,8,4,0,21
7.24412514432751,1,0,0,0,0,0,0,0,1,0,1,0,0,1,0,2,1,0,0,0,0,2,0,2,8,3,0,18
8.04575749056067,2,2,0,0,0,0,0,0,1,0,2,0,0,1,0,4,0,0,0,0,0,2,0,4,10,5,0,21
7.92081875395237,2,1,0,0,0,0,0,0,1,0,2,1,0,1,0,4,0,0,0,0,0,1,3,4,9,6,0,24
8,0,1,1,0,0,0,0,0,1,0,1,0,0,1,0,2,0,1,0,0,0,2,3,2,8,4,0,21
8.04575749056067,0,1,1,0,3,0,0,0,1,0,1,0,0,1,0,2,0,0,0,0,0,2,3,2,8,5,0,22
7.92081875395237,1,1,1,0,0,0,0,0,1,0,1,0,0,1,0,2,0,0,0,0,0,2,3,2,8,4,0,21
7.42021640338319,0,1,1,0,0,0,0,0,1,0,1,0,0,1,0,2,0,2,0,0,0,2,3,2,8,4,0,21
7.67778070526608,0,1,1,0,3,0,0,0,1,0,1,0,0,1,0,2,0,1,0,0,0,2,3,2,8,5,0,22
8.09691001300806,0,1,1,0,0,0,0,0,1,0,1,0,0,1,0,2,0,1,0,0,0,1,3,2,6,4,0,22
7.11350927482752,1,0,0,0,0,0,0,0,1,0,1,0,0,1,0,2,0,3,0,0,0,1,0,2,6,3,0,19
7.33724216831843,2,0,0,0,0,0,1,0,1,0,1,0,0,1,0,2,0,1,0,0,0,1,0,2,8,4,0,19
5.30539480106643,0,0,0,0,0,0,1,0,1,0,1,0,0,1,0,2,0,0,1,0,0,2,0,2,8,4,0,21
6.24108810760203,0,0,0,0,0,0,0,0,1,0,1,0,0,1,0,2,0,0,1,0,0,2,0,2,6,1,0,21
5.79588001734407,0,0,0,0,0,0,0,0,1,0,1,0,0,1,0,2,0,0,0,1,0,2,0,2,7,1,0,21
5.14266750356873,0,0,0,0,0,0,0,0,1,0,1,0,0,1,0,2,0,0,1,0,0,2,0,2,8,3,0,21
5.54211810326601,0,0,0,0,0,0,0,0,1,0,1,0,0,1,0,2,0,0,1,0,0,2,0,2,8,3,0,21
6.51712641639125,1,0,0,0,0,0,0,0,1,0,1,0,0,1,0,2,0,0,1,0,0,2,0,2,6,1,0,21
6.30980391997149,0,0,0,0,0,0,0,0,1,0,1,0,0,1,0,2,0,1,1,0,0,2,0,2,6,1,0,21
5.42136079003193,0,0,0,0,0,0,0,0,1,0,1,0,0,1,0,2,0,1,1,0,0,2,0,2,6,1,0,21
5.89962945488244,0,0,0,0,3,0,0,0,1,0,1,0,0,1,0,2,0,0,1,0,0,2,0,2,8,3,0,22
5.5185573714977,0,0,0,0,0,0,0,0,1,0,1,0,0,1,0,2,0,0,0,0,0,2,0,2,6,1,0,20
6.01099538430146,0,0,0,0,0,0,2,0,1,0,1,0,0,1,0,2,0,0,1,0,0,2,0,2,10,3,0,21
7.42021640338319,0,0,0,0,0,0,0,0,1,0,1,0,0,1,0,2,0,4,1,0,0,2,0,2,6,1,0,21
6.01547268665621,0,0,0,0,0,0,0,0,1,0,1,0,0,1,0,2,0,2,1,0,0,2,0,2,6,1,0,21
6.76447155309245,1,0,0,0,0,0,0,0,1,0,1,0,0,1,0,2,0,2,1,0,0,2,0,2,6,1,0,21
6.42829116819131,1,0,0,0,0,0,0,0,1,0,1,0,0,1,0,2,0,1,1,0,0,2,0,2,6,1,0,21
6.03526907894637,0,0,0,0,0,0,0,0,1,0,1,0,0,1,0,2,0,1,1,0,0,2,0,2,6,1,0,21
6.39469495385889,1,0,0,0,0,0,0,0,1,0,1,0,0,1,0,2,0,1,1,0,0,2,0,2,6,1,0,21
6.20551195334083,0,0,0,0,0,0,0,0,1,0,1,0,0,1,0,2,0,2,1,0,0,2,0,2,6,1,0,21
5.99567862621736,1,0,0,0,0,0,0,0,1,0,1,0,0,1,0,2,0,3,1,0,0,2,0,2,6,1,0,21
5.84771165561694,1,0,0,0,0,0,0,0,1,0,1,0,0,1,0,2,0,2,1,0,0,2,0,2,6,1,0,21
6.00261361560269,0,0,0,0,0,0,0,0,1,0,1,0,0,1,0,2,1,0,1,0,0,2,0,2,6,1,0,21
8.16749108729376,1,0,0,0,0,0,0,0,1,0,1,0,0,1,0,2,0,4,1,0,0,2,0,2,6,1,0,21
6.18111458540599,0,0,0,0,0,0,0,0,1,0,1,0,0,1,0,2,1,1,1,0,0,2,0,2,6,1,0,21
6.02273378757271,0,0,0,0,0,0,0,0,1,0,1,0,0,1,0,2,1,1,1,0,0,2,0,2,6,1,0,21
5.92811799269387,1,0,0,0,0,0,1,0,1,0,1,0,0,1,0,2,0,0,1,0,0,2,0,2,8,2,0,21
6.75202673363819,1,0,0,0,0,0,0,0,1,0,1,0,0,1,0,2,0,2,1,0,0,2,0,2,6,1,0,21
5.6345120151091,0,1,0,0,0,0,0,0,1,0,1,0,0,1,0,2,1,0,0,0,0,1,0,6,4,2,0,20
6.0467236633327,1,0,0,0,0,0,0,0,1,0,1,0,0,1,0,2,0,2,1,0,0,2,0,2,6,1,0,21
5.1505805862031,1,0,0,0,0,0,0,0,1,0,1,0,0,1,0,2,0,0,1,0,0,3,0,2,8,1,0,20
4.56703070912559,0,0,0,0,0,0,0,0,1,0,1,0,0,1,0,2,0,0,1,0,0,2,0,2,8,3,0,22
5.80410034759077,0,0,0,0,0,0,0,0,1,0,1,0,0,1,0,2,0,2,1,0,0,2,0,2,8,3,0,21
6.35951856302958,0,0,0,0,0,0,0,0,1,0,1,0,0,1,0,2,0,1,1,0,0,3,0,2,8,1,0,20
6.39040559077478,1,0,0,0,0,0,0,0,1,0,1,0,0,1,0,2,0,0,1,0,0,3,0,2,8,1,0,20
6.22548303427145,0,0,0,0,0,0,0,0,1,0,1,0,0,1,0,2,0,0,1,0,0,1,0,2,4,1,0,22
5.73518217699046,0,0,0,0,0,0,0,0,1,0,1,0,0,1,0,2,0,2,1,0,0,2,0,2,6,1,0,21
5.4672456210075,1,0,0,0,0,0,0,0,1,0,1,0,0,1,0,2,0,0,1,0,0,2,0,2,8,3,0,21
6.55909091793478,0,0,0,0,0,0,0,0,1,0,1,0,0,1,0,2,0,3,1,0,0,2,0,2,6,1,0,21
5.3585258894959,1,0,0,0,0,0,0,0,1,0,1,0,0,1,0,2,0,0,1,0,0,3,0,2,10,3,0,20
5.41793663708829,1,0,0,0,0,0,0,0,1,0,1,0,0,1,0,2,0,0,1,0,0,3,0,2,8,1,0,20
6.46344155742847,1,0,0,0,0,0,0,0,1,0,1,0,0,1,0,2,0,2,1,0,0,2,0,2,6,1,0,21
8.2518119729938,3,0,0,0,0,0,0,0,1,0,1,0,0,1,0,2,0,4,1,1,0,3,0,2,9,1,0,20
7.10790539730952,1,3,0,0,0,0,0,0,1,0,1,0,0,1,0,2,0,4,1,0,0,3,0,2,9,3,0,22
4.94271435558178,1,0,0,0,0,0,0,0,1,0,1,0,0,1,0,2,0,0,1,0,0,2,0,2,6,1,0,15
7.2518119729938,1,2,0,0,0,0,0,0,1,0,2,1,0,1,0,2,0,4,1,0,0,3,0,2,11,4,0,25
6.08884239126002,1,2,0,0,0,0,0,0,1,0,2,1,0,1,0,2,0,4,1,0,0,3,0,2,11,4,0,25
5.51956185282218,1,1,0,0,0,0,1,0,1,0,1,0,0,1,0,2,0,0,1,0,0,4,0,2,13,6,0,22
5.78727984558216,1,4,0,0,0,0,1,0,1,0,1,0,0,1,0,2,0,0,1,0,0,3,0,2,11,6,0,22
6.15989390554324,1,2,0,0,0,0,0,0,1,0,2,1,0,1,0,2,0,0,1,0,0,3,0,2,11,4,0,25
5.43285595480434,1,2,1,0,0,0,0,0,1,0,2,1,0,1,0,2,0,0,1,0,0,3,0,2,11,4,0,25
6.19044028536473,1,0,0,0,0,0,0,0,1,0,1,0,0,1,0,2,0,0,1,0,0,2,0,2,8,1,0,21
5.17802818235796,1,2,0,0,0,0,0,0,1,0,2,1,0,1,0,4,0,0,1,0,0,3,0,4,11,4,0,25
5.31975516295739,1,0,0,0,0,1,0,0,1,0,1,0,0,1,0,2,0,0,0,1,0,2,0,2,8,3,0,21
7.10790539730952,1,0,0,0,0,1,0,0,1,0,1,0,0,1,0,2,0,4,0,1,0,2,0,2,9,3,0,21
5.2208365762355,1,3,1,0,0,0,1,0,1,0,1,0,0,1,0,2,0,0,1,0,0,3,0,2,10,5,0,23
7.79588001734407,1,0,0,0,0,0,0,0,1,0,1,0,0,1,0,2,0,4,1,0,0,2,0,2,7,1,0,21
5.66857270347926,1,0,0,0,0,1,0,0,1,0,1,0,0,1,0,2,0,0,0,1,0,2,0,2,9,3,0,21
5.65757731917779,1,0,0,0,0,0,0,0,0,0,1,0,0,1,0,2,0,4,1,0,0,2,0,2,7,3,0,22
5.50863830616573,1,0,0,0,0,1,1,0,1,0,1,0,0,1,0,2,0,0,1,0,0,2,0,2,9,4,0,21
7.22184874961636,1,0,0,0,0,0,1,0,1,0,1,0,0,1,0,2,0,4,1,0,0,2,0,2,8,4,0,27
6.1505805862031,0,0,0,0,0,0,1,0,1,0,1,0,0,1,0,2,0,4,1,0,0,2,0,2,8,4,0,27
6.35066514128786,1,0,0,0,0,0,0,0,0,0,1,0,0,1,0,2,0,4,1,0,0,2,0,2,6,1,0,21
5.92081875395237,1,0,0,0,0,0,0,0,0,0,0,0,0,0,0,0,0,4,2,0,0,6,0,0,6,0,0,22
7.86966623150499,1,0,0,0,0,0,0,0,1,0,1,0,0,1,0,2,0,4,1,0,0,2,0,2,7,1,0,21
7.86646109162978,1,0,0,0,0,0,1,0,1,0,1,0,0,1,0,2,0,4,1,0,0,2,0,2,8,4,0,27
5.82390874094432,1,0,0,0,0,0,1,0,1,0,1,0,0,1,0,2,0,0,1,0,0,2,0,2,8,4,0,27
7.58502665202918,0,0,0,0,0,0,1,0,1,0,1,0,0,1,0,2,0,4,1,0,0,2,0,2,8,4,0,27
4.79860287567955,0,0,0,0,0,0,0,0,0,0,0,0,0,0,0,0,0,0,1,0,1,5,0,0,9,0,0,22
5.78251605578609,1,0,0,0,0,0,0,0,0,0,0,0,1,0,0,0,0,4,1,0,0,2,0,0,5,0,0,20
6.95860731484177,2,0,0,0,0,0,0,0,1,0,1,0,0,1,0,2,0,4,1,1,0,3,0,2,9,1,0,20
6.80966830182971,1,0,0,0,0,0,0,0,1,0,1,0,0,1,0,2,0,0,1,1,0,4,0,2,9,3,0,25
5.69250396208679,1,0,0,0,0,0,0,0,1,0,1,0,1,1,0,2,0,0,1,0,0,2,0,2,9,3,0,27
6.93554201077308,1,0,0,0,0,0,0,0,1,0,1,0,0,1,0,2,0,4,0,1,0,2,0,2,7,1,0,21
5.7619538968712,1,0,0,0,0,0,1,0,1,0,1,0,0,1,0,2,0,0,1,0,0,3,0,2,10,4,0,26
5.92081875395237,1,0,0,0,0,0,1,0,1,0,1,0,0,1,0,2,0,0,1,0,0,2,0,2,8,4,0,27
6.06449273417529,1,0,0,0,0,0,0,0,1,0,1,0,0,1,0,2,0,0,1,0,0,2,0,2,7,1,0,21
6.45593195564972,1,0,0,0,0,0,0,0,1,0,1,0,0,1,0,2,0,0,1,0,0,2,0,2,7,1,0,21
5.88605664769316,0,0,0,0,0,0,1,0,1,0,1,0,0,1,0,2,0,0,1,0,0,2,0,2,8,4,0,27
5.65169513695184,1,0,0,0,0,0,1,0,1,0,1,0,0,1,0,2,0,0,1,0,0,3,0,2,10,4,0,26
6.12205304837081,1,0,0,0,0,0,1,0,1,0,1,0,0,1,0,2,0,0,1,0,0,3,0,2,10,4,0,26
6.39685562737982,3,0,0,0,0,0,0,0,1,0,1,0,0,1,0,2,0,0,1,1,0,3,0,2,9,1,0,20
5.92081875395237,0,0,0,0,0,0,0,0,1,0,1,0,0,2,0,1,0,0,0,1,0,3,0,2,7,1,0,20
8.52287874528034,1,0,0,0,0,0,0,0,1,0,1,0,0,1,0,2,0,4,0,1,0,2,0,2,7,1,0,21
6.30102999566398,0,0,0,0,0,0,0,0,1,0,1,0,0,1,0,2,0,4,1,0,1,3,0,2,8,1,0,19
7.54975089168064,0,0,0,0,0,0,0,0,1,0,1,0,0,1,0,2,0,5,1,0,0,2,0,2,6,1,0,21
8.05256627811295,1,0,0,0,0,0,0,0,1,0,1,0,0,1,0,2,0,5,1,0,0,2,0,2,6,1,0,21
7.31875876262441,1,0,0,0,0,0,1,0,1,0,1,0,0,1,0,2,0,4,1,0,0,2,0,2,8,4,0,27
6.67985371388895,0,0,0,0,0,0,0,0,1,0,1,0,0,1,0,2,0,6,1,0,0,2,0,2,6,1,0,21
7.69897000433602,0,0,0,0,0,0,0,0,1,0,1,0,0,1,0,2,0,6,1,0,0,2,0,2,6,1,0,21
5.91364016932525,0,0,0,0,0,0,0,0,1,0,1,0,0,1,0,2,0,6,1,0,0,2,0,2,6,1,0,21
7.74472749489669,0,0,0,0,0,0,0,0,1,0,1,0,0,1,0,2,0,5,1,0,0,2,0,2,6,1,0,21
6.42250820016277,0,0,0,0,0,0,1,0,1,0,1,0,0,1,0,2,0,4,1,0,0,2,0,2,8,4,0,27
6.09258863922541,0,0,0,0,0,0,0,0,1,0,1,0,0,1,0,2,0,5,1,0,0,2,0,2,6,1,0,21
6.92811799269387,1,0,0,0,0,0,0,0,1,0,1,0,0,1,0,2,0,5,1,0,0,2,0,2,6,1,0,21
5.79860287567955,1,0,0,0,0,0,0,0,1,0,2,0,0,1,0,4,0,0,1,0,0,2,0,4,9,4,0,28
6.54975089168064,0,0,0,0,0,0,0,0,1,0,1,0,0,1,0,2,0,4,1,0,0,3,0,2,8,1,0,20
5.64975198166584,1,0,0,0,0,0,0,0,2,0,2,0,0,2,0,4,0,0,1,0,0,2,0,4,10,4,0,28
5.42021640338319,0,0,0,0,0,0,0,0,1,0,1,0,0,2,0,1,0,0,0,1,0,2,0,2,7,1,0,21
7.30102999566398,1,0,0,0,0,0,0,0,1,0,1,0,0,1,0,2,0,4,1,0,1,3,0,2,8,1,0,19
8.45593195564972,1,0,0,0,0,0,0,0,1,0,1,0,0,1,0,2,0,5,1,0,0,2,0,2,6,1,0,21
7.49485002168009,1,0,0,0,0,0,0,0,1,0,1,0,0,1,0,2,0,4,1,0,0,3,0,2,8,1,0,20
5.97881070093006,1,0,0,0,0,0,0,0,1,0,2,0,0,2,0,4,0,0,1,0,0,2,0,4,9,4,0,28
5.9100948885606,1,0,0,0,0,0,1,0,1,0,1,0,0,1,0,2,0,0,1,0,0,2,0,2,8,4,0,27
6.35556141053216,0,0,0,0,0,0,0,0,1,0,1,0,0,1,0,2,0,4,1,0,1,3,0,2,8,1,0,19
6.50307035192678,1,0,0,0,0,0,0,0,1,0,1,0,0,1,0,2,0,6,1,0,0,2,0,2,6,1,0,21
7.67778070526608,1,0,0,0,0,0,0,0,1,0,1,0,0,1,0,2,0,6,1,0,0,2,0,2,6,1,0,21
5.07314329105031,1,0,0,0,0,0,0,0,1,0,1,0,0,1,0,2,0,0,1,0,0,4,0,2,10,1,0,19
6.66154350639539,0,0,0,0,3,0,0,0,1,0,1,0,0,1,0,2,0,4,1,0,0,2,0,2,8,3,0,22
5.77469071827414,1,0,0,0,0,0,0,0,1,0,1,0,0,1,0,2,0,0,1,0,1,3,0,2,8,1,0,19
7.34678748622466,0,0,0,0,0,0,0,0,0,0,1,1,0,2,1,0,0,4,0,1,0,3,0,2,7,3,0,17
6.11918640771921,0,0,0,0,0,0,0,0,0,0,1,1,0,3,1,1,0,0,0,1,0,2,0,2,9,5,0,22
6.60205999132796,0,5,1,0,0,0,0,0,1,0,1,0,0,0,0,3,0,0,0,0,0,1,0,2,4,2,0,17
5.09312646527793,0,3,0,0,0,0,0,0,1,0,1,0,0,0,0,3,0,0,0,0,0,2,0,2,7,2,0,17
5.4672456210075,2,0,1,0,0,0,0,0,1,0,1,0,0,0,0,3,0,0,0,0,0,1,0,2,4,2,0,17
5.98296666070122,2,1,1,0,0,0,0,0,1,0,1,0,0,0,0,3,0,0,0,0,0,1,0,2,4,3,0,17
3.84163750790475,0,0,0,0,0,0,0,0,1,0,1,0,0,0,0,3,0,0,0,0,0,1,0,2,4,1,0,16
7.29242982390206,0,0,0,0,0,0,0,0,1,0,1,0,0,0,0,3,0,0,0,0,0,1,0,2,4,1,0,22
4.99567862621736,0,0,0,0,0,0,0,0,1,0,1,0,0,0,0,3,0,0,0,0,0,2,0,2,6,1,0,21
6.40782324260413,0,0,0,0,0,0,0,0,1,0,1,0,0,0,0,3,0,0,0,0,0,2,0,2,6,1,0,21
5.12205304837081,0,0,0,0,0,0,0,0,1,0,1,0,0,0,0,3,0,0,0,0,0,2,0,2,6,1,0,21
6.78251605578609,0,0,0,0,0,0,1,0,1,0,1,0,0,0,0,3,0,0,0,0,0,2,0,2,8,2,0,21
6.89619627904404,0,0,0,0,0,0,1,0,1,0,1,0,0,0,0,3,0,0,0,0,0,1,0,2,6,2,0,22
5.08565684288056,0,0,0,0,0,0,0,0,1,0,1,0,0,0,0,3,0,0,0,0,0,3,0,2,6,1,0,20
6.82973828460504,0,0,0,0,3,0,0,0,1,0,1,0,0,0,0,3,0,0,0,0,0,2,0,2,6,2,0,22
5.84466396253494,0,0,0,0,3,0,0,0,1,0,1,0,0,0,0,3,0,0,0,0,0,2,0,2,6,2,0,22
6.42829116819131,1,0,0,0,0,0,0,0,1,0,1,0,0,0,0,3,0,0,0,0,0,2,0,2,6,1,0,21
7.65560772631489,1,0,0,0,0,0,0,0,1,0,1,0,0,0,0,3,0,0,0,0,0,2,0,2,6,1,0,21
4.90308998699194,0,0,0,0,0,0,0,0,1,0,1,0,0,0,0,3,0,1,0,0,0,2,0,2,6,1,0,21
5.84771165561694,0,0,0,0,0,0,0,0,1,0,1,0,0,0,0,3,0,1,0,0,0,2,0,2,6,1,0,21
7.48545224733971,0,0,0,0,0,0,0,0,1,0,1,0,0,0,0,3,1,0,0,0,0,2,0,2,6,1,0,21
6.62893213772826,1,0,0,0,0,0,0,0,1,0,1,0,0,0,0,3,1,0,0,0,0,2,0,2,6,1,0,21
5.07572071393812,0,0,0,0,0,0,0,0,1,0,1,0,0,0,0,3,0,0,0,1,0,3,0,2,9,1,0,20
7.12262865413023,1,0,0,0,0,0,0,0,1,0,1,0,0,0,0,4,0,0,0,0,0,1,0,2,4,1,0,22
6.29756946355447,1,0,0,0,0,0,0,0,1,0,1,0,0,0,0,4,0,1,0,0,0,2,0,2,6,1,0,21
5.60554831917378,2,0,0,0,0,0,0,0,1,0,1,0,0,0,0,4,0,1,0,0,0,2,0,2,6,1,0,21
7.26520017041115,1,0,0,0,0,0,0,0,1,0,1,0,0,0,0,4,1,0,0,0,0,2,0,2,6,1,0,21
6.73518217699046,2,0,0,0,0,0,0,0,1,0,1,0,0,0,0,4,1,0,0,0,0,2,0,2,6,1,0,21
7.1001794975729,1,0,0,0,0,0,0,0,1,0,1,0,0,0,0,4,0,2,0,0,0,2,0,2,6,1,0,21
6.78251605578609,1,0,0,0,0,0,0,0,1,0,1,0,0,0,0,4,1,1,0,0,0,2,0,2,6,1,0,21
7.26600071346161,2,0,0,0,0,0,0,0,1,0,1,0,0,0,0,4,1,0,0,0,0,2,0,2,6,1,0,21
5.48017200622428,2,0,0,0,0,0,0,0,1,0,1,0,0,0,0,4,0,2,0,0,0,2,0,2,6,1,0,21
8.01278077009199,1,0,0,0,0,0,0,0,1,0,1,0,0,0,0,4,1,1,0,0,0,2,0,2,6,1,0,21
7.44369749923271,1,0,0,0,0,0,0,0,1,0,1,0,0,0,0,4,2,0,0,0,0,2,0,2,6,1,0,21
7.58169870868025,2,0,0,0,0,0,0,0,1,0,1,0,0,0,0,4,1,1,0,0,0,2,0,2,6,1,0,21
7.12842706445412,2,0,0,0,0,0,0,0,1,0,1,0,0,0,0,4,2,0,0,0,0,2,0,2,6,1,0,21
5.91364016932525,1,0,0,0,0,0,0,0,1,0,1,0,0,0,0,4,0,0,0,0,0,2,0,2,6,1,0,21
7.54821356447571,1,0,0,0,0,0,0,0,1,0,1,0,0,0,0,4,0,0,0,0,0,2,0,2,6,1,0,21
5.5543957967264,1,0,0,0,0,0,0,0,1,0,1,0,0,0,0,4,0,0,0,0,0,2,0,2,6,1,0,21
7.67366413907125,1,0,0,0,3,0,0,0,1,0,1,0,0,0,0,4,0,0,0,0,0,2,0,2,6,2,0,22
6.58670023591875,1,0,0,0,0,0,0,0,1,0,1,0,0,0,0,4,1,0,0,0,0,3,0,2,8,1,0,20
5.27901425584626,2,0,0,0,0,0,0,0,1,0,1,0,0,0,0,4,1,0,0,0,0,3,0,2,8,1,0,20
6.69680394257951,1,0,0,0,3,0,0,0,1,0,1,0,0,0,0,4,1,0,0,0,0,3,0,2,8,2,0,21
7.92811799269387,1,0,0,0,3,0,0,0,1,0,1,0,0,0,0,4,0,1,0,0,0,2,0,2,6,2,0,22
5.07007043991541,0,0,0,0,0,0,0,0,0,1,2,0,1,2,0,0,1,0,0,0,0,2,0,2,10,3,2,11
4.97305837204097,0,0,0,0,0,0,0,0,0,1,2,0,1,2,0,0,0,1,0,0,0,2,0,2,10,3,2,11
5.57186520597121,0,0,0,0,0,0,0,0,0,1,2,0,1,2,0,0,0,0,0,0,0,2,0,2,10,3,2,11
5.5185573714977,0,0,0,0,3,0,0,0,0,1,2,0,1,2,0,0,0,0,0,0,0,2,0,2,10,4,2,12
5.35556141053216,0,0,0,0,0,0,0,0,0,1,2,0,1,2,0,0,0,0,0,0,0,2,0,4,11,4,2,12
5.02456819149074,0,0,0,0,0,0,1,0,0,1,2,0,1,2,0,0,0,0,0,0,0,2,0,2,12,4,2,11
5.75696195131371,3,0,0,0,0,0,0,0,0,1,2,0,1,2,0,0,0,0,0,0,0,2,0,2,10,4,2,12
5.95078197732982,0,0,0,0,0,0,0,0,0,1,2,0,1,2,0,0,0,0,0,0,0,2,0,2,10,3,2,15
5.43179827593301,2,0,0,0,2,0,0,0,0,0,0,0,0,0,0,0,0,1,0,1,0,4,0,0,10,4,0,15
5.67778070526608,0,0,0,0,3,0,1,0,0,0,1,0,0,1,0,2,0,2,0,1,0,3,0,2,7,5,0,17
5.58502665202918,0,0,0,0,0,0,0,3,0,0,0,0,0,0,0,6,0,0,0,0,0,0,0,5,5,2,0,17
6.09258863922541,0,0,0,0,0,0,0,3,0,0,0,0,0,0,0,6,1,0,0,0,0,0,0,5,5,2,0,17
5,2,0,0,0,0,0,0,3,0,0,0,0,0,0,0,6,0,0,0,0,0,0,0,5,5,2,0,17
6.96657624451305,0,0,0,0,3,0,0,3,0,0,0,0,0,0,0,6,0,0,0,0,0,0,0,5,5,3,0,18
6.48148606012211,0,0,0,0,0,0,0,3,0,0,0,0,0,0,0,6,0,1,0,0,0,0,0,5,5,2,0,17
5.97881070093006,0,0,0,0,0,0,2,3,0,0,0,0,0,0,0,6,0,0,0,0,0,2,0,5,9,2,0,17
5.44369749923271,0,0,0,0,0,0,0,3,0,0,0,0,0,0,0,6,0,0,0,0,0,2,0,5,9,2,0,17
6.040481623027,0,0,0,0,0,0,0,3,0,0,0,0,0,0,0,6,1,0,0,0,0,0,0,5,5,2,0,17
6.26680273489343,0,0,0,0,0,0,0,3,0,0,0,0,0,0,0,6,1,0,0,0,0,0,0,5,5,2,0,17
6.9100948885606,0,0,0,0,0,0,0,3,0,0,0,0,0,0,0,6,2,0,0,0,0,0,0,5,5,2,0,17
5.16749108729376,0,0,0,0,0,0,0,3,0,0,0,0,0,0,0,6,0,0,0,0,0,2,0,5,9,2,0,18
5.33724216831843,0,0,0,0,0,0,0,3,0,0,0,0,0,0,0,6,1,0,0,0,0,2,0,5,9,2,0,18
5.74472749489669,0,0,0,0,0,0,0,3,0,0,0,0,0,0,0,6,2,0,0,0,0,2,0,5,9,2,0,18
7,2,1,1,1,0,0,0,3,0,0,0,0,0,0,0,6,0,0,0,0,0,0,0,5,3,2,0,12
5,2,0,2,1,0,0,0,3,0,0,0,0,0,0,0,6,0,0,0,0,0,0,0,5,3,2,0,13
5.10237290870956,3,1,0,1,0,0,0,2,0,0,0,0,0,1,0,9,0,0,0,0,0,0,0,10,4,5,2,19
6.14935376481693,2,2,2,0,0,0,0,3,0,0,0,0,0,0,0,6,0,0,0,0,0,0,0,5,3,3,0,11
4.46852108295774,0,0,0,2,0,0,0,2,0,0,0,0,0,0,0,4,0,0,0,0,0,0,0,4,2,0,4,6
5.94692155651658,2,2,0,0,0,0,0,0,0,0,1,0,0,0,0,0,0,0,1,0,0,5,0,0,12,4,0,13
4.38721614328026,1,0,0,0,0,0,0,0,0,0,1,0,0,0,0,0,0,0,0,1,0,4,0,0,10,6,0,23
6.98716277529483,0,0,0,0,3,0,0,0,0,1,1,0,0,2,0,2,3,0,0,1,0,4,0,2,8,3,0,21
8.82390874094432,0,0,0,0,3,0,0,0,1,0,2,1,0,1,0,4,0,4,0,0,1,1,0,4,9,6,0,20
5.15490195998574,2,0,0,0,5,0,0,0,0,0,0,0,0,0,0,0,0,0,0,1,0,4,0,0,9,4,0,15
5.13253251214095,1,0,0,0,0,0,0,0,0,1,1,0,0,0,0,3,1,0,0,0,0,1,0,2,5,4,0,22
5.80687540164554,1,0,0,0,0,0,0,0,0,1,1,0,0,0,0,3,0,1,0,0,0,1,0,2,5,4,0,22
5.70774392864352,1,0,0,0,0,0,1,0,0,1,1,0,0,0,0,3,0,0,0,0,0,1,0,2,7,5,0,22
5.12609840213554,0,0,0,0,0,0,0,0,0,1,1,0,0,0,0,3,3,0,0,0,0,1,0,2,5,4,0,22
5.47625353318844,0,0,0,0,0,0,1,0,0,1,1,0,0,0,0,3,2,0,0,0,0,1,0,2,7,5,0,22
4.87160073128219,1,0,0,0,0,0,0,0,0,0,0,0,0,0,0,0,0,1,0,0,0,1,0,0,4,4,0,21
5.91364016932525,0,0,0,0,0,0,0,0,0,0,0,0,0,0,0,0,3,0,0,0,0,1,0,0,4,4,0,21
4.81022904365313,0,0,0,0,0,0,1,0,0,0,0,0,0,0,0,0,2,0,0,0,0,1,0,0,6,5,0,21
5.19382002601611,0,3,0,0,0,0,0,0,0,0,1,1,0,0,0,1,0,1,0,1,0,3,0,2,8,3,0,18
7.25963731050576,1,3,0,0,0,0,0,0,0,0,1,1,0,0,0,1,0,1,0,1,0,3,0,2,8,3,0,18
7.46852108295774,1,3,0,0,0,0,0,0,0,0,1,1,0,0,0,1,0,1,0,1,0,3,0,2,8,3,0,18
7.82390874094432,0,3,0,0,3,0,0,0,0,0,1,1,0,0,0,1,0,1,0,1,0,3,0,2,8,4,0,19
7.58502665202918,0,3,0,0,0,0,0,0,0,0,1,1,0,0,0,1,1,1,0,1,0,3,0,2,8,3,0,18
7.58502665202918,0,3,0,0,0,0,0,0,0,0,1,1,0,0,0,1,0,1,0,1,0,3,0,2,8,3,0,18
7.50863830616573,0,3,0,0,0,0,0,0,0,0,1,1,0,0,0,1,0,2,0,1,0,3,0,2,8,3,0,18
7.67778070526608,2,3,0,0,0,0,0,0,0,0,1,1,0,0,0,1,0,1,0,1,0,3,0,2,8,3,0,18
5.26760624017703,0,3,0,0,0,0,0,0,0,0,1,1,0,0,0,0,0,1,0,1,0,4,0,2,10,3,0,17
5.11918640771921,0,3,0,0,0,0,0,0,0,0,1,1,0,0,0,2,0,1,0,1,0,2,0,2,6,3,0,19
7.76955107862173,2,3,0,0,0,0,0,0,0,0,1,1,0,0,0,1,0,0,0,1,0,3,0,2,8,3,0,18
7.63827216398241,2,3,0,0,0,0,0,0,0,0,1,1,0,0,0,1,0,1,0,1,0,3,0,2,8,3,0,18
7.39794000867204,1,3,0,0,3,0,0,0,0,0,1,1,0,0,0,1,0,1,0,1,0,3,0,2,8,4,0,19
8.04575749056067,0,7,0,0,0,0,0,0,0,0,1,1,0,0,0,2,0,1,0,1,0,4,0,2,8,3,0,16
5.27572413039921,0,7,0,0,0,0,0,0,0,0,1,1,0,0,0,2,0,1,0,1,0,4,0,2,8,3,0,16
7.92081875395237,1,7,0,0,0,0,0,0,0,0,1,1,0,0,0,2,0,0,0,1,0,4,0,2,8,3,0,16
8.15490195998574,1,7,0,0,0,0,0,0,0,0,1,1,0,0,0,2,0,0,0,1,0,4,0,2,8,3,0,16
7.72124639904717,0,7,0,0,0,0,0,0,0,0,1,1,0,0,0,2,0,0,0,1,0,4,0,2,8,3,0,16
7.02227639471115,0,7,0,0,0,0,0,0,0,0,1,1,0,0,0,2,0,0,0,1,0,4,0,2,8,3,0,16
7.95860731484177,1,7,0,0,0,0,0,0,0,0,1,1,0,0,0,2,0,1,0,1,0,4,0,2,8,3,0,16
8.20065945054642,0,3,0,0,0,0,0,0,0,0,1,1,0,0,0,0,0,1,0,2,0,4,0,2,11,3,0,21
7.52287874528034,1,7,0,0,0,0,0,0,0,1,2,1,0,0,0,4,0,0,0,1,0,4,0,4,11,6,0,17
5.13667713987954,0,7,0,0,0,0,0,0,1,0,2,1,0,0,0,4,0,0,0,1,0,4,0,4,10,4,0,17
5.65757731917779,0,3,0,0,0,0,0,0,0,0,1,1,0,0,0,1,0,1,0,1,0,3,0,2,8,3,0,18
7.49485002168009,0,7,0,0,0,0,0,0,0,0,1,1,0,0,0,2,0,1,0,1,0,4,0,2,8,3,0,16
7.95860731484177,0,7,0,0,0,0,0,0,0,0,1,1,0,0,0,2,0,1,0,1,0,4,0,2,8,3,0,16
5.18708664335714,0,7,0,0,0,0,0,0,0,0,1,1,0,0,0,2,0,1,0,1,0,4,0,2,8,3,0,16
8.63827216398241,0,6,0,0,0,0,0,0,0,0,1,1,0,1,0,1,0,1,0,2,0,4,0,2,11,3,0,17
7.17392519729917,0,1,1,0,0,0,0,3,0,0,0,0,0,0,0,6,0,0,0,0,0,0,0,5,3,2,0,12
6.2518119729938,2,0,1,0,0,0,0,2,0,0,0,0,0,2,0,8,0,0,0,1,0,3,0,8,5,1,0,18
6.37468754903833,0,0,0,0,0,0,0,2,0,0,0,0,0,2,0,8,0,0,0,1,0,4,0,8,7,0,0,22
7.72124639904717,0,0,0,0,0,0,0,2,0,0,0,0,0,2,0,8,0,0,0,1,0,3,0,8,5,0,0,23
6.63827216398241,0,0,0,0,0,0,0,2,0,0,0,0,0,2,0,8,0,0,0,1,0,3,0,8,6,0,0,23
7.67778070526608,0,0,0,0,0,0,0,2,0,0,0,0,0,2,0,8,0,0,0,1,0,3,0,8,6,0,0,23
7.60205999132796,0,0,0,0,0,0,0,2,0,0,0,0,0,2,0,8,0,0,0,1,0,3,0,8,6,0,0,23
8.50863830616573,0,0,0,0,0,0,0,2,0,0,0,0,0,2,0,8,0,0,0,1,0,3,0,8,6,0,0,23
7.69897000433602,0,0,0,0,0,0,0,2,0,0,0,0,0,2,0,8,0,0,0,1,0,3,0,8,6,0,0,23
8.34678748622466,0,0,0,0,0,0,0,2,0,0,0,0,0,2,0,8,0,1,0,1,0,3,0,8,5,0,0,23
7.2518119729938,0,0,0,0,0,0,0,2,0,0,0,0,0,2,0,8,0,1,0,1,0,3,0,8,5,0,0,23
6.25963731050576,0,0,0,0,0,0,0,2,0,1,1,0,0,2,0,10,0,0,0,1,0,3,0,10,8,2,0,24
8.38721614328026,0,0,0,0,0,0,1,2,0,0,0,0,0,2,0,8,0,0,0,1,0,3,0,8,7,1,0,23
7,0,0,0,0,0,0,1,2,0,0,0,0,0,2,0,8,0,0,0,1,0,3,0,8,7,1,0,23
7.11918640771921,2,0,1,0,0,0,0,2,0,0,0,0,0,2,0,8,0,2,0,1,0,3,0,8,5,1,0,24
8.04575749056067,0,0,0,0,0,0,1,2,0,0,0,0,0,2,0,8,0,2,0,1,0,3,0,8,7,1,0,23
8.34678748622466,0,0,0,0,0,0,0,2,0,0,0,0,0,2,0,8,0,3,0,1,0,3,0,8,5,0,0,23
8.56863623584101,0,0,0,0,0,0,0,2,0,0,0,0,0,2,0,8,0,3,0,1,0,3,0,8,5,0,0,23
8.16115090926274,0,0,0,0,0,0,0,2,0,0,0,0,0,2,0,8,0,3,0,1,0,3,0,8,5,0,0,23
8.92081875395237,0,0,0,0,0,1,0,2,0,0,0,0,0,2,0,8,0,2,0,1,0,3,0,8,6,1,0,23
8.79588001734407,0,0,0,0,0,0,0,2,0,0,0,0,0,2,0,8,0,2,0,1,0,3,0,8,7,2,0,23
8.33724216831843,0,1,0,0,0,0,0,2,0,1,1,0,0,2,0,8,0,2,0,1,0,3,0,8,8,3,0,24
9.30102999566398,0,0,0,0,0,0,0,2,0,0,0,0,0,2,0,8,0,2,0,1,0,3,0,8,8,1,0,24
8.92081875395237,0,0,0,0,0,1,0,2,0,0,0,0,0,2,0,8,0,3,0,1,0,3,0,8,6,1,0,23
7.0087739243075,0,0,0,0,0,0,0,2,0,0,0,0,0,2,0,8,0,4,0,1,0,3,0,8,5,0,0,23
6.81815641205523,0,0,0,0,0,0,0,2,0,0,0,0,0,2,0,8,0,4,0,1,0,3,0,8,5,0,0,23
6.2839966563652,2,2,2,0,0,0,0,1,0,0,0,0,0,1,0,1,0,3,0,1,0,3,0,2,4,1,0,18
8.29242982390206,0,0,0,0,0,0,0,0,0,0,0,0,0,0,0,0,0,3,0,1,0,3,0,0,5,0,0,23
9.60380065290426,3,2,0,2,1,1,0,0,0,0,2,0,0,0,0,0,0,1,0,0,0,4,0,8,12,5,1,17
9.57675412606319,2,0,0,1,0,1,0,0,0,0,1,0,0,0,0,3,1,2,0,0,0,4,0,11,12,5,0,19
9.57348873863542,2,0,0,1,0,1,1,0,0,0,1,0,0,0,0,3,1,2,0,0,0,4,0,11,14,6,0,19
9.40230481407449,4,0,1,0,0,1,0,0,0,0,1,0,0,0,0,3,0,1,0,0,0,4,0,12,12,5,0,19
9.65364702554936,3,0,1,0,0,1,0,0,0,0,1,0,0,0,0,3,1,2,0,0,0,4,0,12,12,5,0,19
6.77989191195995,1,0,0,0,0,1,0,0,0,0,0,0,0,0,0,0,0,2,0,0,0,1,0,0,3,1,0,21
6.79588001734407,1,0,0,0,2,0,0,0,0,0,0,0,0,0,0,0,0,2,0,0,0,1,0,0,2,1,0,22
6.09258863922541,1,0,0,0,3,0,0,0,0,0,0,0,0,0,0,0,0,2,0,0,0,1,0,0,3,2,0,23
7.13076828026902,1,0,0,0,3,0,0,1,0,0,0,0,0,0,0,4,0,2,0,0,0,1,0,2,3,2,0,23
6.65169513695184,1,0,0,0,0,0,0,0,0,0,0,0,0,0,0,0,0,2,1,0,0,5,0,0,4,0,0,23
5.80687540164554,1,0,0,0,0,0,0,0,0,0,1,0,0,0,0,0,0,2,0,0,0,4,0,3,7,1,0,22
7.32790214206428,1,0,0,0,0,0,0,0,0,0,1,0,0,0,0,4,0,2,0,0,0,1,0,2,4,1,0,22
6.93554201077308,1,0,0,0,0,0,0,0,0,0,1,1,1,0,0,4,0,2,0,0,0,1,0,2,6,2,0,23
5.90308998699194,1,0,0,0,0,0,0,0,0,0,1,0,0,0,0,4,0,2,0,0,0,1,0,2,8,4,0,24
7.49485002168009,1,0,0,0,0,0,0,0,0,0,1,0,0,0,0,4,0,2,0,0,0,1,0,2,5,3,0,24
8.85387196432176,1,0,0,0,0,0,0,0,0,0,1,0,0,0,0,4,0,2,0,0,0,1,0,2,4,2,0,23
9.92081875395237,1,0,0,0,0,0,0,0,0,0,1,0,0,0,0,4,0,2,0,0,0,1,0,2,5,3,0,23
8.3767507096021,2,0,0,0,0,0,0,0,0,0,1,0,0,0,0,4,0,2,0,0,0,1,0,2,5,4,0,23
8.11350927482752,1,0,0,0,0,0,0,0,0,0,1,0,0,0,0,4,0,2,0,0,0,1,0,2,5,2,0,23
7.14266750356873,2,1,0,0,0,0,0,0,0,0,0,0,0,0,0,0,0,0,0,0,0,0,0,6,7,7,0,15
8,1,0,0,0,0,0,0,0,1,0,1,0,0,1,0,2,0,0,1,0,0,2,0,2,6,1,0,21
8,1,0,0,0,0,0,0,0,1,0,1,0,0,1,0,2,0,0,1,0,0,2,0,2,7,1,0,21
9,2,0,0,0,0,0,0,0,1,0,1,0,0,1,0,2,0,0,1,0,0,2,0,2,6,1,0,21
9,1,2,0,0,0,0,0,0,1,0,1,0,0,1,0,2,0,0,1,0,0,3,0,2,9,3,0,22
9,1,0,0,0,0,0,0,0,1,0,1,0,0,1,0,2,0,4,1,0,0,2,0,2,6,1,0,21
9,1,2,0,0,2,0,0,0,1,0,1,0,0,1,0,2,0,4,1,0,0,3,0,2,9,3,0,23
8,1,0,0,0,0,0,0,0,1,0,1,0,0,1,0,2,0,4,1,0,0,4,0,2,11,3,0,22
9,3,0,0,0,0,0,0,0,1,0,1,0,0,1,0,2,0,0,1,1,0,3,0,2,9,1,0,20
5.4089353929735,0,0,0,0,0,0,2,0,1,0,2,1,0,0,0,3,0,0,0,0,0,1,0,2,11,7,0,24
5.22914798835786,1,0,0,0,0,0,2,0,1,0,2,1,0,0,0,3,0,0,0,0,0,1,0,2,11,7,0,24
5.72124639904717,1,0,0,0,0,0,2,0,1,0,2,1,0,0,0,3,0,0,0,0,0,1,0,2,11,7,0,24
5.42021640338319,1,0,0,0,0,0,2,0,1,0,2,1,0,0,0,3,0,0,0,0,0,1,0,2,11,7,0,24
6.30102999566398,0,0,0,0,0,0,2,0,1,0,2,1,0,0,0,3,0,1,0,0,0,1,0,2,11,7,0,24
5.67778070526608,0,0,0,0,0,0,2,0,1,0,2,1,0,0,0,3,0,1,0,0,0,1,0,2,11,7,0,24
5.79588001734407,0,0,0,0,0,0,2,0,1,0,2,1,0,0,0,3,0,1,0,0,0,1,0,2,11,7,0,24
5.88605664769316,0,0,0,0,0,0,2,0,1,0,2,1,0,0,0,3,1,0,0,0,0,1,0,2,11,7,0,24
6.30102999566398,0,0,0,0,0,0,2,0,1,0,2,1,0,0,0,3,1,0,0,0,0,1,0,2,11,7,0,24
6.30102999566398,0,0,0,0,0,0,2,0,1,0,2,1,0,0,0,3,1,0,0,0,0,1,0,2,11,7,0,24
6.52287874528034,0,0,0,0,3,0,2,0,1,0,2,1,0,0,0,3,0,0,0,0,0,1,0,2,11,8,0,25
6.30102999566398,0,0,0,0,3,0,2,0,1,0,2,1,0,0,0,3,0,0,0,0,0,1,0,2,11,8,0,25
5.61978875828839,0,0,0,0,3,0,2,0,1,0,2,1,0,0,0,3,0,0,0,0,0,1,0,2,11,8,0,25
5.43179827593301,0,0,0,0,0,0,2,0,1,0,2,1,0,0,0,3,0,0,0,0,0,1,0,2,11,8,0,24
6.15490195998574,0,0,0,0,0,0,2,0,1,0,2,1,0,0,0,3,0,0,0,0,0,2,0,2,13,8,0,23
6,0,0,0,0,0,0,2,0,1,0,2,1,0,0,0,3,0,0,0,0,0,2,0,2,13,8,0,22
5.50863830616573,0,0,0,0,0,0,2,0,1,0,2,1,0,0,0,3,0,0,0,0,1,2,0,2,13,8,0,22
5.56863623584101,1,4,0,0,0,0,2,0,1,0,2,1,0,0,0,3,0,0,0,0,0,1,0,2,11,11,0,18
5.76955107862173,0,5,0,0,0,0,2,0,1,0,2,1,0,0,0,3,0,0,0,0,0,1,0,2,11,7,0,19
5.76955107862173,0,6,3,0,0,0,2,0,1,0,2,1,0,0,0,3,0,0,0,0,0,1,0,2,11,7,0,22
7.13076828026902,4,5,1,2,0,0,0,0,0,0,1,0,0,1,1,3,1,0,0,0,0,0,0,2,4,6,0,13
4.82390874094432,4,5,1,2,0,0,0,1,1,0,1,0,0,1,1,3,1,0,0,0,0,0,0,2,5,6,0,13
4.95860731484177,5,5,1,1,0,0,0,1,0,0,1,0,0,1,1,3,1,0,0,0,0,0,0,2,5,6,0,13
4.46852108295774,5,5,1,1,0,0,0,1,0,0,1,0,0,1,1,3,1,0,0,0,0,0,0,2,5,6,0,13
5.4089353929735,4,3,2,2,0,0,0,1,0,0,1,0,0,1,1,3,1,0,0,0,0,0,0,3,5,6,0,15
5.32790214206428,5,4,2,1,0,0,0,1,0,0,1,0,0,1,1,3,1,0,0,0,0,0,0,2,5,6,0,14
4.50863830616573,5,5,2,0,0,0,0,0,0,0,1,0,0,1,1,3,1,0,0,0,0,0,0,2,5,3,0,13
4.3767507096021,5,3,2,2,0,0,0,1,0,0,1,0,0,1,1,3,0,0,0,0,0,0,0,3,4,5,0,15
4.95860731484177,5,5,2,1,0,0,0,1,0,0,1,0,0,1,1,3,0,0,0,0,0,0,0,2,4,6,0,13
5.72124639904717,5,5,2,1,0,0,0,1,0,0,1,0,0,1,1,3,1,0,0,0,0,0,0,2,4,6,0,13
5.88605664769316,5,3,2,2,0,0,0,1,0,0,1,0,0,1,1,3,1,0,0,0,0,0,0,3,4,5,0,15
5.18708664335714,5,4,2,1,0,0,0,1,0,0,1,0,0,1,1,3,1,0,0,0,0,0,0,2,5,6,0,14
4.88605664769316,5,3,2,2,0,0,0,0,0,0,1,0,0,1,1,3,1,0,0,0,0,0,0,3,4,5,0,15
6.14266750356873,5,4,0,2,0,0,0,0,0,0,1,0,0,1,1,3,1,0,0,0,0,1,0,2,6,7,0,14
5.03151705144607,5,5,0,2,0,0,0,1,0,0,1,0,0,1,1,3,1,0,0,0,0,0,0,2,5,10,0,13
5.10237290870956,5,5,0,2,0,0,0,1,0,0,1,0,0,1,1,3,0,0,0,0,0,0,0,2,5,10,0,13
6.4089353929735,4,5,0,3,0,0,0,0,0,0,1,0,0,1,1,3,1,0,0,0,0,0,0,2,4,10,0,13
4.49485002168009,5,5,1,2,0,1,0,0,0,0,1,0,0,1,1,3,1,0,0,0,0,0,0,2,4,10,0,12
4.52287874528034,6,5,0,2,0,0,0,0,0,1,1,0,0,1,1,3,1,0,0,0,0,0,0,2,7,12,0,14
4.69897000433602,5,5,0,2,0,0,0,0,1,0,1,0,0,1,1,3,1,0,0,0,0,0,0,2,6,10,0,13
5.30102999566398,5,5,0,2,0,0,0,0,0,0,1,0,0,1,1,3,0,0,0,0,0,0,0,2,5,10,0,13
5.43179827593301,5,5,0,2,0,0,0,0,0,0,1,0,0,1,1,3,1,0,0,0,0,0,0,2,5,10,0,13
5.79588001734407,5,5,0,2,0,0,0,0,0,0,1,0,0,1,1,3,1,0,0,0,0,1,3,2,5,9,0,14
9.38721614328026,2,0,0,0,3,1,2,0,0,0,1,0,0,0,0,0,1,1,0,0,0,4,0,3,18,12,0,20
9.39794000867204,2,0,0,0,3,1,1,0,0,0,1,0,0,0,0,0,1,1,0,0,0,4,0,3,17,9,0,21
9.52287874528034,2,0,0,0,3,1,2,0,0,0,1,0,0,0,0,0,1,1,0,0,0,4,0,3,16,9,0,20
9.69897000433602,2,0,0,0,3,1,1,0,0,0,1,0,0,0,0,0,1,2,0,0,0,6,0,3,16,8,0,18
9.22914798835786,2,0,0,0,3,1,1,0,0,0,1,0,0,0,0,0,1,2,0,0,0,5,0,3,16,8,0,19
9.42021640338319,2,0,0,0,3,1,1,0,0,0,1,0,0,0,0,0,1,2,0,0,0,6,0,3,16,8,0,19
5.30102999566398,3,4,0,0,0,0,1,0,0,0,1,1,0,0,0,2,0,0,0,0,0,0,0,2,5,5,0,15
5.45593195564972,3,5,0,0,0,0,1,0,0,0,1,1,0,0,0,2,0,0,0,0,0,0,0,2,5,5,0,15
5.52287874528034,3,5,0,0,0,0,1,0,0,0,1,1,0,1,0,2,0,0,0,0,0,0,0,2,5,5,0,15
4.61798295742513,2,5,0,0,0,0,1,0,0,0,1,1,0,1,0,2,0,0,0,0,0,0,0,2,6,5,0,15
6.50863830616573,2,5,0,0,0,0,1,0,0,0,1,1,1,1,0,2,0,0,0,0,0,0,0,2,6,5,0,15
9.70996538863748,2,0,0,0,3,0,1,0,0,0,1,1,0,1,0,2,1,2,0,0,0,1,0,2,8,6,0,21
9.71669877129645,2,0,0,0,6,0,1,0,0,0,1,1,0,1,0,2,1,1,1,0,0,3,0,2,10,7,0,20
9.69464863055338,1,2,0,0,3,0,1,0,0,0,1,1,0,1,0,2,1,2,0,0,0,2,0,2,9,6,0,22
9.72124639904717,3,0,0,0,3,0,1,0,0,0,1,1,0,1,0,2,1,2,0,1,0,2,0,2,11,7,0,21
9.74714696902011,4,0,0,0,3,0,1,0,0,0,1,1,0,1,0,2,0,1,0,1,0,2,0,2,11,7,0,21
9.64781748188864,4,0,0,0,3,0,1,0,0,0,1,1,0,1,0,2,0,1,0,1,0,2,0,2,11,7,0,21
5.34486156518862,1,4,1,0,0,0,0,0,0,0,1,0,0,0,0,0,0,0,0,0,1,4,0,0,13,6,0,18
4.94692155651658,1,4,1,0,0,0,0,0,0,0,1,0,0,0,0,0,0,0,0,0,0,2,0,2,12,7,0,18
5.07417242537526,1,4,1,0,0,0,0,0,0,0,2,1,0,0,0,0,0,0,0,0,1,4,0,2,14,7,0,19
5.12205304837081,1,4,1,0,0,0,0,0,0,0,1,0,0,0,0,0,0,0,0,0,1,5,0,0,15,6,0,17
5.85078088734462,1,4,1,0,0,0,0,0,0,0,1,0,0,0,0,0,0,0,0,0,1,5,0,0,15,6,0,17
5.32975414692588,1,4,1,0,0,0,0,0,0,0,1,0,0,0,0,0,0,0,0,0,1,6,0,0,17,6,0,16
5.21609642072726,1,7,1,0,0,0,0,0,0,0,1,0,0,0,0,0,0,0,0,0,1,4,0,0,13,6,0,14
5.99139982823808,1,8,1,0,0,0,0,0,0,0,1,0,0,0,0,0,0,0,0,0,1,4,0,0,13,6,0,14
5.93930215964639,1,9,1,0,0,0,0,0,0,0,1,0,0,0,0,0,0,0,0,0,1,4,0,0,13,6,0,14
5.6675615400844,1,7,1,0,0,0,0,1,0,0,1,0,0,1,0,1,0,0,0,0,1,4,0,2,14,6,0,15
6.44009337496389,1,7,1,0,0,0,0,1,0,0,1,0,0,1,0,1,0,0,0,0,1,4,0,2,14,6,0,15
4.69250396208679,1,7,1,0,0,0,0,0,0,0,1,0,0,0,0,0,0,0,0,0,1,4,0,2,14,6,0,15
4.85698519974591,1,7,1,0,0,0,0,0,0,0,1,0,0,0,0,0,0,0,0,0,1,4,0,0,14,6,0,15
6.24184537803261,1,7,1,0,0,0,0,0,0,0,1,0,0,0,0,0,0,0,0,0,1,4,0,0,14,6,0,15
5.03058408764602,1,7,1,0,0,0,0,0,0,0,1,0,0,0,0,0,0,0,0,0,1,4,0,0,15,7,0,15
4.91721462968355,0,4,1,0,0,0,0,0,0,0,1,0,0,0,0,0,1,0,0,0,1,4,0,0,13,6,0,18
5.98296666070122,2,4,1,0,0,0,0,0,0,0,1,0,0,0,0,0,0,0,0,0,1,4,0,0,13,6,0,18
6.13667713987954,1,4,1,0,0,0,0,0,0,0,1,0,0,0,0,0,1,0,0,0,1,4,0,0,13,6,0,18
5.57348873863543,1,4,1,0,0,0,0,0,0,0,1,0,0,0,0,0,0,1,0,0,1,4,0,0,13,6,0,18
5.62893213772826,1,4,1,0,0,0,0,0,0,0,1,0,0,0,0,0,1,0,0,0,1,4,0,0,13,6,0,18
6.1001794975729,1,3,1,0,6,0,1,0,0,0,1,0,0,0,0,0,1,0,0,0,1,3,0,0,12,9,0,20
6.23062267392386,1,7,1,0,6,0,1,0,0,0,1,0,0,0,0,0,1,0,0,0,1,3,0,0,12,9,0,16
6.79860287567955,1,6,1,0,6,0,1,1,0,0,1,0,0,1,0,1,1,0,0,0,1,3,0,2,13,9,0,17
6.52724355068279,1,6,1,0,6,0,1,0,0,0,1,0,0,0,0,0,1,0,0,0,1,3,0,0,13,9,0,17
6.76447155309245,1,6,1,0,6,0,1,0,0,0,1,0,0,0,0,0,1,0,0,0,1,3,0,0,13,9,0,17
6.36451625318509,1,6,1,0,6,0,1,0,0,0,1,0,0,0,0,0,1,0,0,0,1,3,0,0,13,9,0,17
8.46852108295774,0,0,0,0,0,0,0,0,0,0,1,1,0,3,1,1,1,4,0,1,0,2,0,2,7,3,0,22
8.23657200643706,0,3,0,0,0,0,0,0,0,0,1,1,0,3,1,1,0,4,0,1,0,2,0,2,7,3,0,18
7.04143611677803,0,0,0,0,0,0,0,0,0,0,1,1,0,3,1,1,0,4,0,1,0,4,0,2,12,4,0,17
8.86966623150499,0,0,0,0,0,0,0,0,0,0,1,1,0,3,1,1,0,4,0,1,1,3,0,2,9,3,0,20
8.20551195334083,0,0,0,0,0,0,0,0,0,0,1,1,0,3,1,1,0,4,0,1,0,3,0,2,9,3,0,21
6.82390874094432,0,0,0,0,3,0,0,0,0,0,1,1,0,3,1,1,0,4,0,1,0,3,0,2,9,4,0,22
7.75202673363819,0,0,0,0,0,0,0,0,0,0,1,1,0,3,1,1,0,5,0,1,0,2,0,2,7,3,0,22
8.69250396208679,0,0,0,0,0,0,0,0,0,0,1,1,0,3,1,1,0,5,0,1,0,2,0,2,7,3,0,22
7.1438755557577,0,0,0,0,3,0,0,0,0,0,1,1,0,3,1,1,0,4,0,1,0,2,0,2,7,4,0,23
8.19791074211827,0,0,0,0,3,0,0,0,0,0,1,1,0,3,1,1,0,4,0,1,0,2,0,2,7,4,0,23
8.55595520408192,0,0,0,0,0,0,0,0,0,0,1,1,0,3,1,1,0,4,0,1,0,2,0,2,8,3,0,22
8.63827216398241,0,0,0,0,3,0,0,0,0,0,1,1,0,3,1,1,0,4,0,1,0,2,0,2,9,5,0,23
8.56066730616974,0,0,0,0,0,0,1,0,0,0,1,1,0,3,1,1,0,4,0,1,0,2,0,2,9,4,0,22
8.38827669199266,1,1,0,0,0,0,1,0,0,0,1,1,0,3,1,1,0,4,0,1,0,2,0,2,9,6,0,22
7.64975198166584,3,0,1,0,0,0,1,1,0,0,2,1,1,1,0,2,1,2,0,0,0,0,0,4,10,8,0,18
7.32605800136591,3,0,1,0,0,0,1,1,0,0,2,1,1,1,0,2,1,1,0,0,0,0,0,4,10,8,0,18
7.38195190328791,3,0,1,0,0,0,1,1,0,0,2,1,1,1,0,2,0,1,0,0,0,0,0,4,10,8,0,18
7.44129142946683,3,0,1,0,0,0,1,1,0,0,2,1,1,1,0,2,0,3,0,0,0,0,0,4,10,8,0,18
7.73992861201492,3,0,1,0,0,0,1,1,0,0,2,1,1,1,0,2,0,2,0,0,0,0,0,4,10,8,0,18
7.88272870434424,3,0,1,0,0,0,1,1,0,0,2,1,1,1,0,2,2,1,0,0,0,0,0,4,10,8,0,18
7.50723961097316,1,0,1,0,0,0,1,1,0,0,2,1,1,1,0,2,1,2,0,0,0,0,0,4,10,7,0,17
7.53017798402184,1,0,1,0,0,0,1,1,0,0,2,1,1,1,0,2,0,2,0,0,0,0,0,4,10,7,0,17
7.35556141053216,2,0,1,0,0,0,1,1,0,0,2,1,1,1,0,2,1,2,0,0,0,0,0,4,10,8,0,17
7.39794000867204,2,0,1,0,0,0,1,1,0,0,2,1,1,1,0,2,0,2,0,0,0,0,0,4,10,8,0,17
7.7594507517174,2,0,1,0,0,0,1,1,0,0,2,1,1,1,0,2,2,1,0,0,0,0,0,4,10,8,0,17
7.79588001734407,2,0,1,0,3,0,1,1,0,0,2,1,1,1,0,2,0,3,0,0,0,0,0,4,10,9,0,19
8.16115090926274,2,0,1,0,3,0,1,1,0,0,2,1,1,1,0,2,1,2,0,0,0,0,0,4,10,9,0,19
8.16749108729376,2,0,1,0,3,0,1,1,0,0,2,1,1,1,0,2,0,2,0,0,0,0,0,4,10,9,0,19
8.24412514432751,2,0,1,0,3,0,1,1,0,0,2,1,1,1,0,2,2,1,0,0,0,0,0,4,10,9,0,19
8.20760831050175,2,0,1,0,3,0,1,1,0,0,2,1,1,1,0,2,1,1,0,0,0,0,0,4,10,9,0,19
8.13667713987954,2,0,1,0,3,0,1,1,0,0,2,1,1,1,0,2,0,1,0,0,0,0,0,4,10,9,0,19
6.39794000867204,1,0,0,0,0,0,0,0,0,0,1,1,0,3,1,1,0,0,0,1,0,2,0,2,9,5,0,22
8.14266750356873,3,0,1,0,0,0,0,0,0,0,1,1,0,3,1,1,0,0,0,1,0,2,0,2,9,6,0,23
6.94309514866353,3,0,1,0,0,0,0,0,0,0,1,1,0,3,1,1,0,0,0,1,0,2,0,2,9,6,0,23
5.2839966563652,3,0,0,0,0,0,1,0,0,0,1,1,0,3,1,1,0,0,0,1,0,2,0,2,11,7,0,23
5.4089353929735,3,1,0,0,0,0,1,0,0,0,1,1,0,3,1,1,0,0,0,1,0,2,0,2,11,8,0,23
5.65580428412856,3,2,0,0,0,0,1,0,0,0,1,1,0,3,1,1,0,0,0,1,0,2,0,2,11,9,0,23
5.15490195998574,3,2,0,0,0,0,1,0,0,0,1,1,0,3,1,1,0,0,0,1,0,2,0,2,11,9,0,23
5.55284196865778,0,0,0,0,0,0,0,0,0,0,1,1,0,3,1,1,0,0,0,2,0,3,0,2,10,3,0,25
5.14266750356873,0,0,0,0,0,0,0,0,0,0,1,1,0,3,1,1,0,0,0,2,0,5,0,2,10,3,0,23
5.65757731917779,2,0,0,0,0,0,0,0,0,0,1,1,0,3,1,1,0,0,0,1,0,3,0,2,11,5,0,21
7.15490195998574,3,0,1,0,0,0,0,0,0,0,1,1,0,3,1,1,0,0,0,1,0,3,0,2,11,6,0,22
7.74472749489669,3,0,1,0,3,0,0,0,0,0,1,1,0,3,1,1,0,0,0,1,0,2,0,2,9,7,0,24
6.3585258894959,2,0,1,0,0,0,2,0,1,0,1,0,0,0,0,3,0,0,0,0,0,1,0,2,8,5,0,17
6.82973828460504,4,0,2,0,0,0,2,0,1,0,1,0,0,0,0,3,0,0,0,0,0,1,0,2,8,7,0,18
6.0893755951108,1,0,0,1,0,0,0,0,1,0,2,1,0,1,0,3,0,0,0,0,0,0,0,5,5,5,1,17
7.38721614328026,1,0,0,1,0,0,0,0,1,0,2,1,0,1,0,3,0,1,0,0,0,0,0,5,5,5,1,21
7.35654732351381,1,0,0,1,0,0,0,0,1,0,2,1,0,1,0,3,0,2,0,0,0,0,0,5,5,5,1,21
7.49485002168009,1,0,0,1,0,0,0,0,1,0,2,1,0,1,0,3,1,1,0,0,0,0,0,5,5,5,1,21
7.3767507096021,1,0,0,1,0,0,0,0,1,0,2,1,0,1,0,3,0,1,0,0,0,0,0,5,5,5,1,21
7.31443738884177,1,0,0,1,0,0,1,1,0,0,0,0,0,1,0,3,0,0,0,0,0,1,0,5,3,1,1,19
6.67778070526608,1,2,0,0,0,0,0,0,0,0,2,2,0,0,0,0,0,0,1,0,0,2,0,0,10,8,0,28
6.76447155309245,2,4,0,0,0,0,0,0,0,0,2,2,0,0,0,1,0,0,1,0,0,2,0,2,10,11,0,25
6.88605664769316,2,1,0,2,0,0,0,1,0,0,0,0,0,1,1,3,0,0,0,0,0,0,0,5,4,5,1,17
8.04575749056067,0,1,1,0,0,0,0,0,1,0,1,0,0,2,0,1,0,0,0,1,0,2,3,2,9,4,0,25
6.05551732784983,0,3,0,2,0,0,0,0,0,0,1,0,0,0,0,1,0,0,0,0,0,3,0,4,8,4,1,12
7.03151705144607,5,1,0,0,0,0,1,0,1,0,3,1,0,0,0,4,0,2,0,0,1,4,0,2,27,21,0,41
6.88605664769316,2,1,0,1,0,0,0,2,0,0,0,0,0,1,1,9,0,0,0,0,0,0,0,6,3,2,2,12
8.09691001300806,2,0,0,0,3,1,1,0,0,0,1,0,0,0,0,0,1,1,0,1,0,5,0,3,15,8,0,20
8.52287874528034,2,0,0,0,3,1,1,0,0,0,1,0,0,0,0,0,1,2,0,1,0,5,0,3,15,8,0,20
8.69897000433602,2,0,0,0,3,1,1,0,0,0,1,0,0,0,0,0,1,2,0,1,0,5,0,3,15,8,0,20
8.69897000433602,3,0,0,0,3,1,1,0,0,0,1,0,0,0,0,0,1,1,0,1,0,6,0,3,17,8,0,19
9,4,0,0,0,3,0,1,0,0,0,0,0,0,0,0,0,1,1,0,2,0,5,0,0,15,6,0,21
8.69897000433602,2,0,0,0,3,1,1,0,0,0,1,0,0,0,0,0,1,2,0,0,0,5,0,3,14,8,0,19
7.03151705144607,5,1,0,0,0,0,1,0,1,0,3,1,0,0,0,4,0,1,0,0,1,4,0,2,27,21,0,41
4.31875876262441,0,1,1,0,0,0,0,0,1,0,2,1,0,1,0,2,0,3,1,0,0,2,3,2,9,4,0,26
7.28316227670048,1,0,1,0,0,0,2,1,0,0,1,1,1,0,0,0,0,1,0,0,0,0,0,0,9,6,0,16
7.3829996588791,2,0,1,0,0,0,2,1,0,0,1,1,1,0,0,0,0,1,0,0,0,0,0,0,9,7,0,16
7.46092390120722,2,1,1,0,0,0,2,1,0,0,1,1,1,0,0,0,0,1,0,0,0,0,0,0,9,8,0,16
7.85698519974591,3,0,1,0,0,0,2,1,0,0,1,1,1,0,0,0,0,1,0,0,0,0,0,0,9,7,0,17
8.03621217265444,3,1,1,0,0,0,2,1,0,0,1,1,1,0,0,0,0,1,0,0,0,0,0,0,9,8,0,17
7.84163750790475,3,2,1,0,0,0,2,1,0,0,1,1,1,0,0,0,0,1,0,0,0,0,0,0,9,9,0,17
7.7851561519523,3,2,1,0,0,0,2,1,0,0,1,1,1,0,0,0,0,1,0,0,0,0,0,0,9,9,0,17
7.52143350440616,3,0,2,0,0,0,2,1,0,0,1,1,1,0,0,0,0,1,0,0,0,0,0,0,9,8,0,17
7.36552272983927,1,5,2,0,0,0,2,1,0,0,1,1,1,0,0,0,0,1,0,0,0,0,0,0,9,8,0,17
7.53910215724345,3,1,1,0,0,0,1,1,0,0,1,1,1,0,0,0,0,1,0,0,0,0,0,0,7,7,0,17
7.40011692792631,3,1,1,0,0,0,2,1,0,0,1,1,1,0,0,0,0,1,0,0,0,0,0,0,9,8,0,17
7.54060751224077,3,1,1,0,0,0,1,1,0,0,1,1,1,0,0,0,0,1,0,0,0,2,0,0,11,7,0,17
7.50863830616573,4,1,1,0,0,0,1,1,0,0,1,1,1,0,0,0,0,1,0,0,0,0,0,0,7,7,0,17
7.56383735295924,3,1,0,0,0,0,1,0,0,0,1,1,1,1,1,1,0,2,0,0,0,0,0,2,7,6,2,17
7.57186520597121,3,1,0,0,0,0,1,0,0,0,1,1,1,1,1,1,0,2,0,0,0,0,0,2,7,6,2,17
7.42250820016277,3,1,0,0,0,0,1,0,0,0,1,1,1,1,1,1,0,2,0,0,0,0,0,2,7,6,2,17
7.51712641639125,3,1,0,0,0,0,1,0,0,0,1,1,1,1,1,1,0,3,0,0,0,0,0,2,7,6,2,17
7.6458915608526,3,1,0,0,0,0,1,0,0,0,1,1,1,1,1,1,0,3,0,0,0,0,0,2,7,6,2,17
7.69250396208679,3,1,1,0,0,0,1,1,0,0,1,1,1,0,0,0,0,2,0,0,0,1,0,0,9,7,0,16
7.58335949266172,4,1,1,0,0,0,1,1,0,0,1,1,1,0,0,0,0,2,0,0,0,0,0,0,7,7,0,17
7.66154350639539,3,1,0,0,0,0,1,0,0,0,1,1,1,1,1,1,1,1,0,0,0,0,0,2,7,6,2,17
7.69680394257951,3,1,0,0,0,0,1,0,0,0,1,1,1,1,1,1,1,1,0,0,0,0,0,2,7,6,2,17
7.47755576649368,3,1,0,0,0,0,1,0,0,0,1,1,1,1,1,1,1,1,0,0,0,0,0,2,7,6,2,17
7.65364702554936,4,1,1,0,0,0,1,1,0,0,1,1,1,0,0,0,1,1,0,0,0,0,0,0,7,7,0,17
8.10237290870956,3,1,1,0,3,0,1,1,0,0,1,1,1,0,0,0,0,1,0,0,0,0,0,0,7,8,0,18
7.96257350205938,3,1,1,0,3,0,1,1,0,0,1,1,1,0,0,0,0,1,0,0,0,0,0,0,9,9,0,18
8.0087739243075,3,1,1,0,0,0,1,1,0,0,1,1,1,0,0,0,0,1,0,0,0,0,0,0,7,7,0,21
8.18045606445813,3,1,1,0,0,0,1,1,0,0,1,1,1,0,0,0,0,1,0,0,0,0,0,0,7,7,0,21
7.88941028970075,3,1,1,0,0,0,1,1,0,0,1,1,1,0,0,0,0,1,0,0,0,1,0,0,9,7,0,19
7.99139982823808,3,0,1,0,3,0,1,1,0,0,1,1,1,0,0,0,0,1,0,0,0,0,0,0,7,7,0,18
5.85387196432176,3,1,0,0,0,0,0,0,0,0,1,0,0,0,0,0,0,0,0,0,0,5,0,3,14,4,1,12
5.44369749923271,3,0,0,0,0,1,0,0,0,0,2,1,0,2,0,1,1,2,0,0,0,4,0,5,15,8,0,18
6.51999305704285,3,0,0,0,0,1,0,0,0,0,2,1,0,2,0,1,1,2,0,0,0,4,0,5,15,8,0,17
9.30102999566398,3,0,0,0,0,1,1,0,0,0,2,1,0,2,0,1,1,2,0,0,0,4,0,5,15,8,0,17
7.49485002168009,1,1,0,0,0,1,1,0,0,0,2,1,0,2,0,1,1,2,0,0,0,5,0,5,17,8,0,17
7.65757731917779,1,1,0,0,4,1,1,0,0,0,2,1,0,2,0,1,1,2,0,0,0,4,0,5,15,8,0,19
9.69897000433602,2,0,0,0,3,1,1,0,0,0,2,1,0,2,0,1,1,2,0,0,0,4,0,5,15,9,0,18
8.21467016498923,2,0,0,0,3,1,1,0,0,0,2,1,0,2,0,1,0,2,0,0,0,4,0,5,15,9,0,18
8.2839966563652,2,0,0,0,3,1,1,0,0,0,2,1,0,2,0,1,1,1,0,0,0,5,0,5,17,9,0,17
8.32790214206428,2,0,0,0,3,1,1,0,0,0,2,1,0,2,0,1,1,1,0,0,0,5,0,5,17,9,0,17
7.63827216398241,2,0,0,0,3,1,1,0,0,0,2,1,0,2,0,1,1,1,0,0,0,5,0,5,17,9,0,17
8.55284196865778,2,0,0,0,3,1,1,0,0,0,2,1,0,2,0,1,1,1,0,0,0,5,0,5,17,9,0,17
7.85387196432176,3,0,0,0,3,1,1,0,0,0,2,1,0,2,0,1,1,1,0,0,0,5,0,5,17,9,0,17
8.24412514432751,3,0,0,0,3,1,1,0,0,0,2,1,0,2,0,1,1,1,0,0,0,5,0,5,17,9,0,17
8.95860731484177,3,0,0,0,3,1,1,0,0,0,2,1,0,2,0,1,1,1,0,0,0,5,0,5,17,9,0,17
8.72124639904717,3,0,0,0,3,1,1,0,0,0,2,1,0,2,0,1,1,1,0,0,0,5,0,5,17,9,0,17
9.22184874961636,2,0,0,0,3,1,1,0,0,0,2,1,0,2,0,1,2,1,0,0,0,5,0,5,17,9,0,17
8.61978875828839,3,0,0,0,5,1,1,0,0,0,2,1,0,2,0,1,0,1,0,0,0,5,0,5,17,10,0,18
9.52287874528034,2,0,0,0,3,1,2,0,0,0,2,1,0,2,0,1,1,1,0,0,0,5,0,5,19,10,0,17
8.61978875828839,3,0,0,0,3,1,1,0,0,0,2,1,0,2,0,1,0,2,0,0,0,5,0,5,17,9,0,17
8.63827216398241,2,0,0,0,3,1,1,0,0,0,2,1,0,2,0,1,1,2,0,0,0,5,0,5,17,9,0,17
8.95860731484177,2,0,0,0,3,1,2,0,0,0,2,1,0,2,0,1,1,2,0,0,0,5,0,5,19,10,0,17
7.79588001734407,2,0,0,0,3,1,2,0,0,0,2,1,1,2,0,1,0,2,0,0,0,5,0,5,20,10,0,17
9.2518119729938,4,0,0,0,3,1,2,0,0,0,2,1,0,2,0,1,0,1,0,0,0,5,0,5,19,10,0,17
9.52287874528034,3,0,0,0,3,1,2,0,0,0,2,1,0,2,0,1,1,1,0,0,0,5,0,5,19,10,0,17
8,3,0,0,0,3,1,2,0,0,0,2,1,0,2,0,1,0,1,0,0,0,5,0,5,19,10,0,17
7.95860731484177,2,0,0,0,3,1,2,0,0,0,2,1,0,2,0,1,1,1,0,0,0,5,0,5,19,10,0,17
9.09691001300806,3,0,0,0,3,1,2,0,0,0,2,1,0,2,0,1,1,1,0,0,0,5,0,5,19,10,0,17
5.92081875395237,3,1,1,0,0,0,1,0,0,0,0,0,0,0,0,0,0,1,0,1,0,3,3,0,9,5,0,19
4.25963731050576,0,2,0,0,0,0,0,0,0,0,1,0,0,1,0,2,0,0,1,0,0,4,0,2,11,3,0,21
4.3767507096021,1,0,0,0,0,0,0,0,0,0,2,1,0,1,0,2,0,0,1,0,0,2,0,2,9,3,0,23
7.88605664769316,2,0,0,0,0,0,1,0,1,0,2,1,0,1,0,2,0,0,1,0,0,2,0,2,11,6,0,29
6.31875876262441,1,0,0,0,0,0,0,0,0,0,1,1,0,3,1,1,0,0,0,1,0,2,0,2,9,5,0,22
7.45593195564972,1,0,0,0,0,0,0,0,0,0,1,1,0,3,1,1,0,4,0,1,0,2,0,2,7,3,0,22
8.36653154442041,1,0,0,0,0,0,0,0,0,0,1,1,0,3,1,1,0,4,0,1,0,2,0,2,7,3,0,22
8.92081875395237,0,0,0,0,0,0,0,0,0,0,1,1,0,3,1,1,0,4,0,1,0,2,0,2,7,3,0,22
8.92081875395237,1,7,0,0,0,0,0,0,0,0,1,1,0,0,0,2,0,0,0,1,0,4,0,2,8,3,0,16
8.56863623584101,2,7,0,0,0,0,0,0,0,0,1,1,0,0,0,2,0,0,0,1,0,4,0,2,8,3,0,16
8.43770713554352,1,7,0,0,0,0,0,0,0,0,1,1,0,0,0,2,0,0,0,1,0,4,0,2,8,3,0,16
7.95880476630319,1,0,0,0,0,0,0,0,1,0,1,0,0,2,0,1,0,2,0,0,0,1,0,2,6,3,0,19
8.52295113372653,0,0,0,0,0,0,1,0,1,0,1,0,0,2,0,1,0,4,0,0,0,1,0,2,8,4,0,19
8.0969643032115,0,0,0,0,0,0,0,0,1,0,1,0,0,2,0,1,1,2,0,0,0,1,0,2,6,3,0,19
8.39799429887548,1,0,0,0,0,0,0,0,1,0,1,0,0,2,0,1,1,2,0,0,0,1,0,2,6,3,0,19
8.22192113806254,1,0,0,0,3,0,0,0,1,0,1,0,0,2,0,1,0,2,0,0,0,1,0,2,8,5,0,20
8.30102999566398,0,1,1,0,0,0,0,0,1,0,1,0,0,2,0,1,1,2,0,0,0,1,3,2,6,4,0,22
8.39799429887548,0,1,1,0,3,0,0,0,1,0,1,0,0,2,0,1,0,2,0,0,0,1,3,2,8,6,0,23
8.22192113806254,0,2,1,0,0,0,1,0,1,0,1,0,0,2,0,1,0,2,0,0,0,1,6,2,8,6,0,25
8.30102999566398,1,0,0,0,0,0,0,0,1,0,1,0,0,2,0,1,0,2,0,0,0,1,0,2,6,3,0,19
7.76929568638743,0,1,0,0,0,0,1,0,1,0,1,0,0,2,0,1,0,2,0,0,0,1,3,2,8,5,0,22
7.27584706132853,0,0,0,0,0,0,1,0,1,0,1,0,0,2,0,1,0,3,0,0,0,1,0,2,8,4,0,19
7.63817776239919,1,1,1,0,0,0,1,0,1,0,1,0,0,2,0,1,0,2,0,0,0,1,3,2,8,6,0,22
7.92099974769615,1,1,0,0,0,0,1,0,1,0,1,0,0,2,0,1,0,2,0,0,0,1,0,2,8,5,0,19
7.00418936832396,1,0,0,0,0,0,1,0,1,0,1,0,0,2,0,1,0,1,0,0,0,1,0,2,8,4,0,19
7.92099974769615,1,0,0,0,0,0,1,0,1,0,1,0,0,2,0,1,0,2,0,0,0,1,0,2,8,4,0,19
7.4817493486915,0,1,1,0,0,0,1,0,1,0,1,0,0,2,0,1,0,1,0,0,0,1,3,2,8,5,0,22
6.95880476630319,1,0,0,0,3,0,0,0,1,0,1,0,0,2,0,1,0,1,0,0,0,1,0,2,8,5,0,20
6.69898086183379,0,0,0,0,3,0,0,0,1,0,1,0,0,1,0,2,0,1,0,0,0,1,0,2,8,5,0,20
7.85387196432176,0,0,0,0,3,0,1,0,1,0,1,0,0,1,0,2,0,0,0,0,0,1,0,2,10,6,0,20
7.72113212606088,1,0,0,0,0,0,1,0,1,0,1,0,0,1,0,2,0,1,0,0,0,1,0,2,8,5,0,19
7.72113212606088,1,0,0,0,0,0,1,0,1,0,1,0,0,2,0,1,0,2,0,0,0,1,0,2,8,5,0,19
7.04587814467505,0,3,0,0,0,0,1,0,1,0,1,0,0,2,0,1,0,2,0,0,0,1,0,2,8,5,0,20
6.82395217256413,0,0,0,0,0,0,1,0,1,0,1,0,0,2,0,1,1,0,0,0,0,1,0,2,8,4,0,19
7.05576415620652,0,0,0,0,0,0,1,0,1,0,1,0,0,2,0,1,0,2,0,0,0,1,0,2,8,4,0,19
6.69898086183379,1,0,0,0,0,0,1,0,1,0,1,0,0,2,0,1,0,1,0,0,0,1,0,2,8,5,0,19
7.35654732351381,0,0,0,0,0,0,1,0,1,0,2,1,0,1,0,4,0,1,0,0,1,1,0,4,9,5,0,19
6.55284196865778,0,3,0,1,3,0,0,0,1,0,2,1,0,0,0,4,0,1,0,0,0,0,0,2,7,6,2,18
6.87289520163519,0,3,0,1,0,0,1,0,1,0,2,1,0,0,0,4,0,1,0,0,0,0,0,2,7,5,2,17
8.09691001300806,0,3,0,1,0,0,1,0,1,0,2,1,0,0,0,4,0,4,0,0,0,0,0,2,7,5,2,17
8.15490195998574,0,3,0,1,3,0,0,0,1,0,2,1,0,0,0,4,0,4,0,0,0,0,0,2,7,6,2,18
7.48148606012211,0,3,0,1,3,0,0,0,1,0,2,1,0,0,0,4,0,2,0,0,0,0,0,2,7,6,2,18
6.38721614328026,0,3,0,1,0,0,0,0,1,0,2,1,0,0,0,4,0,0,0,0,0,0,0,2,5,4,2,17
